cell_id,GENE_0001,GENE_0002,GENE_0003,GENE_0004,GENE_0005,GENE_0006,GENE_0007,GENE_0008,GENE_0009,GENE_0010,GENE_0011,GENE_0012,GENE_0013,GENE_0014,GENE_0015,GENE_0016,GENE_0017,GENE_0018,GENE_0019,GENE_0020,GENE_0021,GENE_0022,GENE_0023,GENE_0024,GENE_0025,GENE_0026,GENE_0027,GENE_0028,GENE_0029,GENE_0030,GENE_0031,GENE_0032,GENE_0033,GENE_0034,GENE_0035,GENE_0036,GENE_0037,GENE_0038,GENE_0039,GENE_0040,GENE_0041,GENE_0042,GENE_0043,GENE_0044,GENE_0045,GENE_0046,GENE_0047,GENE_0048,GENE_0049,GENE_0050,GENE_0051,GENE_0052,GENE_0053,GENE_0054,GENE_0055,GENE_0056,GENE_0057,GENE_0058,GENE_0059,GENE_0060,GENE_0061,GENE_0062,GENE_0063,GENE_0064,GENE_0065,GENE_0066,GENE_0067,GENE_0068,GENE_0069,GENE_0070,GENE_0071,GENE_0072,GENE_0073,GENE_0074,GENE_0075,GENE_0076,GENE_0077,GENE_0078,GENE_0079,GENE_0080,GENE_0081,GENE_0082,GENE_0083,GENE_0084,GENE_0085,GENE_0086,GENE_0087,GENE_0088,GENE_0089,GENE_0090,GENE_0091,GENE_0092,GENE_0093,GENE_0094,GENE_0095,GENE_0096,GENE_0097,GENE_0098,GENE_0099,GENE_0100
ref_0001,4,1,3,4,2,6,12,0,1,0,1,0,4,1,3,2,1,0,0,4,10,6,2,0,7,1,4,3,2,1,1,3,1,0,44,0,0,1,5,0,2,6,1,0,2,1,0,6,2,1,2,1,4,2,2,1,7,0,1,3,8,0,1,0,2,46,1,0,5,4,4,0,2,1,0,54,3,2,1,0,362,1,6,2,5,7,1,0,0,9,8,1,0,1,0,3,1,5,2,20
ref_0002,5,2,5,5,0,6,14,0,0,2,0,0,0,0,3,0,0,0,0,5,17,7,1,4,6,1,2,2,1,5,1,7,0,0,82,0,2,4,4,0,1,2,0,0,0,1,0,7,0,0,0,2,3,2,2,0,5,0,1,3,3,1,1,0,2,36,5,3,5,3,3,2,0,2,1,52,0,0,3,0,414,0,4,0,3,7,1,0,4,9,7,0,0,3,1,3,1,4,1,17
ref_0003,4,0,0,4,2,6,11,3,0,0,1,0,7,1,3,0,0,0,0,3,7,4,0,2,4,2,0,1,0,1,0,8,0,0,59,0,2,2,0,0,3,6,3,2,0,0,0,1,3,1,0,2,1,1,2,0,2,0,2,2,5,0,1,1,0,52,2,1,4,3,1,0,0,3,1,45,1,1,1,0,391,0,7,1,3,6,0,0,1,7,3,1,1,2,0,1,1,5,2,18
ref_0004,10,1,3,1,1,1,5,4,2,1,2,0,3,1,3,1,3,0,0,6,4,6,2,0,6,0,0,2,1,4,1,4,0,1,69,2,1,1,3,0,1,2,0,1,1,3,0,5,2,1,5,3,2,4,8,1,4,0,0,3,11,0,4,1,0,39,6,1,4,3,4,4,0,1,0,59,1,0,0,0,381,0,7,1,1,6,1,1,1,1,7,2,1,3,0,1,2,3,1,18
ref_0005,1,2,1,2,2,7,7,3,5,1,3,0,3,0,4,0,1,1,0,4,16,6,2,1,9,2,1,1,3,3,0,5,1,0,72,0,1,1,1,2,2,1,0,3,0,0,0,2,2,1,1,0,2,2,5,1,6,0,0,3,7,2,3,1,0,45,2,1,6,1,3,2,0,3,1,58,3,0,1,1,436,1,7,2,1,6,1,0,1,5,7,1,0,3,0,1,2,2,1,16
ref_0006,7,2,4,4,0,4,12,0,0,1,1,0,2,3,2,0,1,1,0,3,8,2,1,1,4,2,1,2,3,3,1,6,2,2,57,0,1,4,3,0,1,3,1,1,1,0,0,2,2,0,0,0,1,2,4,1,4,0,2,6,8,0,4,2,3,43,1,1,5,2,1,1,0,2,0,54,1,1,1,6,382,0,10,3,1,8,3,2,1,4,4,5,0,2,0,1,0,3,3,12
ref_0007,7,1,1,4,1,6,8,0,3,2,6,1,1,2,1,0,1,1,2,6,9,8,1,0,3,1,0,2,4,2,0,3,2,0,65,1,0,2,2,1,1,2,1,0,0,0,0,6,4,1,0,0,1,1,1,1,4,0,1,4,6,0,1,0,0,42,2,3,3,3,1,3,0,1,1,53,0,0,0,0,358,0,10,0,7,10,4,1,0,4,8,1,0,1,1,2,1,4,0,15
ref_0008,7,1,3,2,0,4,12,2,3,2,2,1,1,1,2,2,0,1,1,5,9,4,4,1,6,3,2,1,2,3,0,5,1,0,61,0,3,3,0,1,1,5,1,1,0,0,2,5,1,0,0,2,3,5,2,1,2,2,0,3,4,0,0,0,1,45,4,0,3,5,3,1,2,1,0,45,1,0,1,4,439,0,7,3,4,12,0,4,2,2,9,3,0,0,0,1,0,2,1,15
ref_0009,3,4,0,5,2,3,8,1,3,0,1,0,3,2,1,0,1,2,3,4,6,4,2,1,4,3,0,2,5,2,1,3,2,3,59,0,3,3,4,0,0,4,1,2,1,0,0,2,3,0,0,2,2,2,5,0,2,1,0,2,5,0,5,0,1,37,4,1,3,1,2,2,1,4,1,38,0,0,1,0,410,0,10,1,4,3,0,2,0,4,7,1,0,2,1,3,0,4,2,26
ref_0010,8,2,1,1,6,8,7,1,2,0,5,0,3,4,3,2,1,0,1,6,8,7,0,1,3,2,0,2,1,2,1,2,1,2,41,3,2,1,3,0,1,1,2,0,2,0,1,8,2,0,0,2,2,5,2,1,3,3,2,2,9,3,2,0,0,49,3,4,4,4,1,1,1,0,1,47,0,3,2,4,374,1,9,0,2,5,2,2,1,4,4,2,0,1,0,0,2,2,1,10
ref_0011,0,2,1,3,0,5,13,0,1,1,5,0,7,2,2,1,0,1,0,5,8,6,1,2,3,0,1,1,1,7,2,5,0,0,60,2,1,2,2,0,4,3,1,0,1,2,0,0,3,1,0,0,2,2,1,0,5,0,0,2,5,1,3,1,3,27,2,1,3,2,2,2,0,1,0,47,1,0,0,2,416,0,5,0,7,11,0,1,1,2,5,1,0,3,0,0,1,5,0,18
ref_0012,3,3,2,2,1,5,11,2,1,0,1,0,2,1,2,2,0,0,0,0,5,6,1,0,7,0,0,1,3,1,0,6,0,0,50,0,1,1,2,1,3,3,1,0,5,0,1,4,2,0,0,2,2,3,3,0,5,1,0,7,2,0,1,1,1,43,0,4,6,5,2,2,2,4,0,80,1,1,1,2,428,0,8,2,3,11,0,2,0,5,9,1,0,1,1,4,1,3,1,16
ref_0013,4,3,3,2,0,5,11,3,2,1,1,1,4,2,4,1,1,0,0,1,8,5,1,0,6,3,0,2,2,2,1,5,2,0,65,0,2,3,5,3,3,3,1,0,2,0,0,4,5,1,1,1,2,2,4,0,9,1,0,4,11,0,4,1,0,44,0,3,3,6,2,0,1,1,2,55,1,2,0,1,400,1,5,0,0,10,2,0,0,0,6,5,0,1,0,2,1,5,1,7
ref_0014,3,0,2,1,1,7,5,3,1,1,2,0,0,0,5,0,1,2,0,5,12,9,4,0,6,1,0,5,1,2,0,3,1,1,61,0,2,0,0,2,1,0,0,0,1,0,0,4,2,0,0,2,0,1,3,1,8,1,2,1,5,1,1,0,1,43,3,1,5,3,1,0,2,2,1,48,0,1,1,1,414,0,8,0,3,6,1,4,1,3,11,1,0,1,0,2,0,3,2,16
ref_0015,4,1,3,2,2,5,6,1,1,0,2,1,1,2,2,4,1,0,1,4,11,8,3,2,6,1,2,1,2,5,1,2,1,1,71,0,1,2,2,1,1,1,0,0,0,0,1,6,1,0,0,0,2,4,3,0,2,1,2,1,2,0,3,0,2,49,4,0,8,10,2,3,2,1,2,67,1,0,0,0,408,1,5,3,3,8,0,2,1,5,1,1,0,1,0,0,0,3,1,13
ref_0016,8,1,2,0,1,0,9,4,3,2,4,1,6,0,2,2,1,1,0,2,8,6,2,2,6,1,0,2,2,3,1,7,3,1,59,1,4,3,2,0,1,4,2,2,0,0,0,4,1,0,2,1,1,3,4,1,4,0,2,6,8,2,1,0,1,44,2,0,9,3,2,2,1,5,0,63,0,1,0,6,390,0,8,0,3,7,1,1,1,2,9,1,0,3,1,4,3,1,2,11
ref_0017,3,1,2,7,3,7,5,0,0,2,4,0,3,1,6,1,1,1,0,2,9,2,2,0,9,1,2,0,7,3,1,4,2,0,64,1,2,2,2,0,3,5,0,3,0,0,1,5,4,1,1,1,0,2,3,0,2,0,3,5,6,0,2,1,3,34,5,1,3,5,2,0,0,1,0,45,2,2,1,3,389,0,8,6,4,5,1,0,0,4,2,1,0,1,0,2,1,4,2,16
ref_0018,6,1,3,3,0,5,11,3,4,3,1,0,2,1,8,0,0,1,1,1,11,6,2,1,6,3,1,4,2,2,1,7,2,2,58,0,0,4,2,0,2,5,1,0,3,2,0,4,6,0,0,2,1,1,0,1,10,0,3,3,3,1,2,1,0,44,1,0,3,5,5,0,2,0,2,48,0,0,1,2,386,0,10,2,0,4,1,3,0,4,10,2,0,3,1,1,1,3,2,19
ref_0019,6,2,5,6,1,2,5,1,0,2,4,0,4,2,1,0,1,0,0,4,6,3,3,0,7,1,0,2,4,4,1,5,2,2,68,0,1,0,0,0,2,2,2,0,0,1,0,8,5,1,0,0,4,0,1,0,4,0,0,0,6,1,3,0,1,50,0,4,5,3,6,1,0,3,1,45,2,0,2,1,399,2,6,2,2,7,1,2,1,3,6,2,0,2,1,0,1,4,2,17
ref_0020,2,3,3,1,2,6,10,2,3,2,4,0,0,5,1,0,0,1,0,5,12,3,0,1,6,2,0,3,3,1,1,5,1,0,65,2,4,0,2,1,0,2,0,2,1,0,0,4,3,0,1,0,2,3,0,0,8,0,1,2,5,1,2,0,2,45,5,0,3,7,4,0,0,5,0,55,0,0,2,1,381,0,3,2,1,13,2,2,1,1,3,4,0,1,0,2,2,4,1,20
ref_0021,1,1,0,3,2,10,7,3,1,1,3,0,4,0,4,3,0,0,2,4,6,3,0,1,4,4,0,1,5,7,2,8,1,1,66,0,3,3,5,2,4,2,0,1,3,1,1,4,1,0,0,2,3,5,4,1,6,1,3,4,2,2,1,1,1,46,4,1,3,6,4,2,0,1,0,57,2,1,3,0,431,0,7,1,2,7,1,2,1,5,6,2,1,0,0,2,0,6,3,13
ref_0022,2,1,2,3,2,7,8,0,1,1,1,1,0,2,3,3,3,1,0,6,10,6,2,2,4,2,0,3,2,2,2,5,2,1,67,2,1,1,2,0,2,6,2,0,4,1,1,5,1,0,0,0,1,1,5,1,7,0,1,1,2,0,2,0,6,46,3,1,4,3,3,1,3,5,1,46,0,0,2,2,448,0,3,2,1,7,2,0,0,5,4,2,0,2,0,3,1,4,2,16
ref_0023,5,1,4,2,0,7,4,2,3,4,3,2,2,4,2,1,2,1,0,4,9,9,1,1,4,2,1,0,0,5,1,10,0,0,63,0,2,4,4,0,1,2,2,0,0,0,1,11,3,0,1,1,2,4,2,0,5,0,4,3,2,0,3,0,1,48,1,1,3,6,2,1,0,3,0,54,1,1,1,0,392,0,6,1,2,6,0,0,1,3,7,0,0,1,0,1,1,7,1,16
ref_0024,5,0,5,3,1,6,4,2,2,1,2,0,1,4,3,0,0,2,0,2,13,4,2,0,7,2,2,1,1,3,1,4,1,1,76,0,2,4,5,0,1,2,0,1,2,1,1,7,6,1,1,0,1,3,4,0,6,0,2,5,2,1,1,0,1,41,2,1,3,7,2,3,0,2,1,69,2,0,1,2,381,1,9,3,8,10,2,1,1,1,7,0,0,3,0,1,1,2,0,16
ref_0025,4,1,0,3,1,7,12,2,1,0,5,0,1,0,2,0,0,0,0,3,7,7,1,0,10,3,1,1,6,3,0,5,1,0,71,0,0,1,2,1,0,2,0,1,1,1,0,4,0,0,0,0,1,0,2,2,5,0,1,2,3,1,3,1,1,38,3,2,3,5,1,1,1,3,0,59,1,0,0,2,389,0,3,1,2,3,1,5,3,3,5,3,0,3,0,0,1,6,2,12
ref_0026,4,2,3,4,1,2,5,3,2,1,1,0,3,2,0,2,0,2,2,2,16,7,4,2,9,1,1,0,2,0,0,6,0,1,63,2,0,0,4,1,1,3,0,0,1,1,0,2,2,1,1,0,1,5,2,0,3,1,0,6,6,0,5,0,3,46,5,2,3,1,4,0,3,3,0,42,0,1,1,2,412,1,8,0,3,9,1,2,1,9,5,5,0,1,0,1,1,4,1,17
ref_0027,5,1,4,5,0,4,8,1,2,1,2,0,5,0,1,2,0,0,0,2,10,6,1,0,4,1,0,2,3,3,0,3,0,0,59,0,3,0,3,1,1,0,1,1,2,1,1,4,0,1,0,2,1,2,3,1,8,0,1,1,3,0,3,0,1,55,1,2,4,5,0,1,0,2,0,39,4,0,0,3,389,1,9,0,2,7,2,2,1,5,5,2,0,3,0,1,1,2,2,11
ref_0028,6,6,2,4,3,5,7,2,1,1,1,0,1,0,4,0,0,1,1,5,17,5,1,1,4,4,0,3,4,2,1,4,2,0,67,0,0,1,3,0,1,7,3,1,2,1,0,4,1,1,0,0,1,3,1,0,3,0,0,3,2,0,3,0,0,57,2,1,8,4,2,2,0,2,0,51,1,1,3,4,392,1,8,1,1,6,0,5,1,5,7,2,1,3,0,4,4,5,2,15
ref_0029,5,0,1,6,3,5,6,3,0,0,3,1,4,1,4,0,0,0,0,3,9,6,2,0,9,1,0,0,6,2,7,6,0,0,49,0,0,2,4,0,3,2,3,1,0,0,0,6,2,1,0,3,2,3,4,1,5,1,2,7,6,0,2,0,0,44,2,0,5,7,4,1,0,4,0,54,0,1,3,2,345,0,14,3,0,7,1,2,0,5,5,2,0,0,1,2,1,4,0,13
ref_0030,7,3,3,6,2,6,9,1,1,2,4,0,3,0,1,1,0,1,0,2,9,5,0,0,4,1,1,1,2,1,0,5,0,0,60,2,5,2,2,1,1,1,0,2,2,0,1,4,1,0,0,1,0,4,1,1,2,1,2,3,3,0,1,1,2,40,0,1,3,6,2,0,1,1,1,53,0,1,2,2,423,0,7,3,4,4,0,1,0,3,8,1,0,0,0,1,0,5,1,24
ref_0031,6,0,4,1,3,5,12,3,2,0,4,0,5,0,6,2,1,1,0,5,4,2,5,0,11,2,1,3,1,2,1,3,1,1,69,0,2,1,4,0,1,3,1,1,0,1,0,6,3,3,0,1,0,3,3,0,5,2,0,3,6,1,2,0,1,43,1,0,10,6,2,0,0,1,0,50,1,0,3,1,402,1,6,0,3,8,2,0,2,1,2,1,0,1,0,0,0,4,1,16
ref_0032,3,0,2,3,5,3,12,1,0,0,0,0,6,2,3,1,1,0,0,5,13,4,4,0,6,3,2,1,2,6,1,7,0,1,65,1,1,1,1,1,2,2,0,0,2,2,0,4,3,1,1,4,1,3,7,3,0,0,0,0,6,2,2,1,0,43,9,1,3,8,4,2,3,5,0,47,1,1,1,1,422,0,5,4,2,9,3,1,1,4,7,2,0,3,2,4,1,3,2,17
ref_0033,4,2,3,4,2,5,7,2,1,3,0,0,0,1,0,1,0,0,1,1,9,5,1,0,4,0,1,4,2,2,1,10,0,2,48,1,1,2,3,0,0,1,0,0,4,0,0,4,3,0,0,3,0,1,5,2,3,0,0,2,5,1,1,0,1,44,2,0,12,5,3,1,4,0,1,65,1,0,1,1,408,0,9,1,1,4,0,4,1,5,5,1,0,0,0,1,0,2,2,16
ref_0034,7,3,0,2,0,6,4,0,5,0,0,0,4,5,3,0,0,1,0,5,7,6,1,0,6,2,1,3,1,3,0,5,1,0,59,0,1,0,0,0,4,1,2,1,3,0,0,10,3,1,2,3,0,5,5,1,3,0,1,2,3,0,2,1,1,39,1,1,4,4,1,1,0,4,0,49,0,1,3,2,398,1,4,3,2,8,1,1,0,3,10,1,0,1,0,2,3,3,2,18
ref_0035,4,0,0,6,0,8,15,4,1,3,2,0,3,1,3,0,1,0,0,9,8,7,0,0,11,1,0,1,3,2,1,5,0,1,55,0,2,0,2,0,1,1,2,0,2,0,0,4,5,0,1,1,0,0,6,0,3,0,3,2,7,1,2,1,1,43,2,0,4,4,1,0,1,2,0,59,0,0,2,2,416,1,6,3,2,4,1,0,1,6,5,0,1,1,0,2,0,3,3,15
ref_0036,3,2,2,2,1,3,7,0,1,1,4,0,0,3,1,3,0,1,0,4,11,6,2,1,3,1,1,3,1,1,1,6,1,0,63,1,1,2,1,0,1,2,2,1,1,1,0,1,1,0,0,1,0,2,2,1,6,1,4,3,4,1,1,0,1,45,2,1,5,5,5,0,0,4,1,55,0,2,0,0,375,0,14,1,3,5,1,4,0,2,6,1,0,0,1,0,0,2,3,13
ref_0037,5,0,2,6,3,4,10,2,2,2,2,0,2,1,3,3,1,1,0,2,9,4,1,3,8,3,0,4,3,2,1,5,0,0,75,0,1,3,2,2,0,2,2,0,1,0,1,10,5,0,0,0,3,4,2,1,3,0,0,3,1,2,4,0,0,62,2,0,4,7,1,0,0,3,0,59,0,0,1,4,427,0,9,0,2,5,3,4,1,9,4,1,0,3,0,4,2,3,2,12
ref_0038,5,0,1,1,0,5,7,1,3,1,4,1,3,2,2,1,0,0,0,1,12,4,1,2,7,1,1,1,3,3,1,4,2,0,66,1,1,5,3,1,3,1,2,2,4,3,1,4,0,0,0,2,0,0,2,2,4,0,1,5,6,0,3,1,1,43,4,0,4,5,3,2,1,5,0,64,0,0,0,0,400,1,6,1,1,4,0,4,0,3,14,1,0,4,0,3,2,2,2,14
ref_0039,3,3,1,6,0,8,13,0,2,2,2,1,2,5,1,0,1,1,0,4,8,7,0,1,6,1,2,1,1,0,2,9,1,1,65,0,0,5,4,0,2,0,0,1,1,2,1,4,1,0,1,3,2,2,4,0,3,1,2,2,3,1,0,0,0,42,4,1,1,4,1,4,1,1,0,59,0,3,1,0,416,1,10,0,2,7,2,1,0,4,8,2,0,2,1,0,2,4,3,13
ref_0040,4,1,1,7,3,5,12,2,2,1,2,1,0,3,3,0,2,0,1,1,8,9,2,0,5,2,1,4,3,4,3,10,0,0,64,1,0,1,4,0,0,0,2,0,0,1,1,9,1,0,1,1,0,10,2,0,7,1,2,2,0,0,4,0,1,45,3,1,4,5,3,2,2,5,1,49,0,2,1,5,381,0,11,1,2,7,1,2,3,5,9,3,0,0,0,2,0,3,3,20
ref_0041,1,1,1,3,2,6,19,2,1,4,4,0,2,1,6,2,2,0,1,4,9,7,4,1,2,0,1,5,5,3,0,6,1,1,51,1,1,0,1,0,0,6,0,0,5,0,1,3,3,0,0,3,1,2,2,3,8,0,2,4,5,0,2,0,2,42,3,2,4,3,5,1,1,4,0,74,1,0,1,3,406,0,7,0,2,3,3,1,3,2,8,2,0,1,0,5,0,4,2,11
ref_0042,2,2,2,6,1,3,6,2,2,0,3,1,4,1,1,1,0,1,0,4,11,5,2,0,4,1,1,1,3,4,0,7,1,0,64,0,0,3,3,1,0,2,0,1,2,2,0,8,2,1,0,1,2,3,3,1,7,0,1,5,1,0,3,2,1,45,2,1,3,4,2,0,2,1,0,66,1,1,0,5,384,0,8,1,3,12,2,2,0,6,3,3,0,1,1,0,3,5,0,19
ref_0043,9,4,1,6,1,4,7,0,0,3,2,0,2,3,2,0,1,0,0,1,12,4,0,1,4,3,1,3,2,4,0,6,1,0,53,1,2,1,1,1,2,4,0,0,1,0,0,3,1,0,1,4,1,1,4,4,1,0,1,3,4,0,1,0,1,48,2,0,8,6,1,0,1,4,1,65,1,1,2,1,401,1,7,0,2,6,0,3,3,3,6,1,1,2,0,2,0,6,0,13
ref_0044,3,1,1,2,2,8,11,1,3,1,0,0,2,3,5,2,0,0,3,4,17,5,1,0,6,1,0,0,0,6,2,8,0,0,65,2,1,2,0,1,0,2,0,0,1,1,1,2,3,1,0,3,1,2,1,0,1,0,2,4,5,2,1,0,0,40,1,0,1,9,2,2,1,3,0,70,1,3,0,2,427,0,9,0,3,9,0,1,0,3,8,2,0,1,0,2,0,2,5,8
ref_0045,8,1,4,6,1,8,13,0,3,1,1,1,1,2,2,3,2,1,0,5,10,6,2,1,7,4,0,3,0,3,0,7,1,0,74,0,3,0,1,2,1,1,0,0,4,0,0,6,1,0,0,1,1,2,2,0,8,1,1,2,6,0,5,0,2,37,4,0,3,7,0,3,0,3,0,60,1,0,0,1,387,0,5,1,2,9,0,0,2,2,6,0,0,0,0,2,0,3,1,10
ref_0046,2,3,2,4,3,2,10,0,1,1,1,0,3,0,3,0,0,0,0,4,17,8,1,0,6,0,2,1,4,4,2,5,0,0,54,0,1,2,0,0,0,5,0,3,3,2,0,2,3,1,0,1,0,3,3,1,3,1,2,2,5,2,4,1,2,45,2,0,5,3,3,1,1,2,0,41,1,3,2,2,390,1,5,0,0,7,3,1,3,5,4,0,0,2,1,0,2,3,2,17
ref_0047,6,1,3,1,0,7,9,2,1,0,3,3,4,1,1,1,0,1,2,0,12,6,3,1,3,1,0,1,3,6,1,9,0,1,75,0,0,4,2,1,2,3,2,0,1,0,0,6,2,1,1,2,3,3,1,0,9,2,1,3,7,1,4,0,1,51,3,1,4,8,1,0,1,2,1,66,1,0,0,1,419,0,7,1,2,5,2,1,1,5,7,2,0,1,0,0,1,3,2,12
ref_0048,4,1,2,1,1,4,9,1,3,1,4,0,2,1,0,0,1,1,2,3,7,3,3,1,7,0,2,7,3,1,2,6,0,0,49,0,1,1,2,0,2,1,1,2,0,0,0,5,5,0,0,1,3,0,2,0,5,1,1,3,4,1,4,1,0,51,3,1,3,5,3,0,0,2,0,58,3,0,2,0,380,0,7,0,3,11,5,4,2,4,7,2,0,0,1,2,0,7,0,14
ref_0049,1,2,1,4,0,8,10,2,3,1,2,1,5,2,5,2,0,0,0,2,8,5,3,0,4,1,0,2,2,3,1,1,2,0,62,1,3,5,1,1,2,1,0,2,4,1,0,9,2,1,1,2,2,4,1,2,8,0,1,5,1,1,4,0,0,42,5,3,4,5,1,0,1,4,1,51,1,0,3,1,402,0,10,2,2,11,1,1,2,6,6,3,0,3,0,1,0,3,3,11
ref_0050,6,0,1,1,2,6,6,1,2,2,2,0,1,2,0,0,1,1,1,1,4,7,2,0,10,1,1,2,2,3,0,8,0,0,63,1,1,3,2,0,2,0,2,0,1,0,1,6,3,0,0,0,3,5,4,1,6,0,0,3,5,2,3,1,4,43,6,0,2,3,1,2,1,5,0,69,1,1,2,0,435,1,12,1,2,9,1,1,0,5,7,1,0,1,1,1,0,2,1,18
ref_0051,2,1,2,4,4,2,9,0,3,2,2,0,2,1,0,3,1,0,0,2,5,4,1,1,7,0,0,3,4,2,1,7,1,0,67,0,1,2,3,0,0,2,0,1,0,1,0,5,3,3,2,1,1,1,4,1,6,0,0,3,3,2,3,0,1,68,3,2,4,6,3,1,2,0,0,64,0,0,3,0,433,2,4,1,1,7,1,0,2,1,9,1,0,1,0,0,1,4,0,16
ref_0052,5,4,2,1,2,6,10,2,1,1,2,1,3,3,2,2,0,0,0,3,10,5,3,2,5,2,0,2,4,3,0,6,3,2,68,0,0,1,3,1,1,0,0,0,2,0,0,2,8,1,1,4,0,3,1,0,1,0,1,1,6,2,1,0,1,45,7,1,4,5,2,3,1,7,0,46,1,1,4,1,390,0,0,0,2,5,0,2,0,6,7,2,0,0,0,1,0,3,1,18
ref_0053,5,1,1,5,0,3,8,2,1,1,1,0,1,4,3,0,2,1,1,1,9,2,1,0,2,2,0,2,3,3,1,6,1,1,55,0,4,2,2,1,1,2,2,1,0,1,0,3,7,0,0,3,4,1,1,2,6,0,2,3,5,1,2,0,1,34,1,1,11,6,4,0,1,2,0,60,2,2,2,1,410,0,14,3,1,11,1,0,0,3,2,2,0,3,0,1,1,2,1,10
ref_0054,6,1,3,8,0,7,6,2,2,2,4,1,1,5,1,2,1,0,1,2,12,6,1,1,6,4,1,4,5,3,1,5,3,1,63,0,2,3,4,1,0,1,0,0,0,1,0,5,1,0,0,2,1,2,1,2,1,2,1,3,3,2,1,1,2,56,2,3,7,3,2,1,0,1,3,60,2,1,1,2,409,1,4,1,5,7,1,1,1,2,8,6,0,2,0,1,2,4,2,15
ref_0055,4,4,1,1,3,6,9,4,1,2,1,0,4,1,3,2,0,1,0,6,11,4,0,0,5,1,2,2,5,3,1,4,0,0,47,0,0,1,0,1,1,1,2,0,1,0,0,10,1,0,1,3,3,4,2,0,3,1,2,6,9,1,3,0,1,46,3,1,7,4,1,3,1,2,0,52,1,2,3,0,413,0,11,1,1,0,0,1,0,1,8,3,0,1,0,0,3,3,0,17
ref_0056,4,1,4,2,1,7,13,2,1,1,3,0,3,1,3,1,0,0,0,2,13,3,0,0,6,1,1,1,2,3,2,6,0,1,52,0,1,3,2,1,0,4,1,3,4,1,0,4,3,0,1,1,1,4,4,1,5,0,1,0,6,1,2,0,2,52,6,2,7,5,5,3,1,1,1,56,2,0,0,0,368,0,10,0,1,8,1,0,0,7,9,0,0,1,0,0,2,3,1,23
ref_0057,10,2,2,2,0,8,8,1,2,1,0,0,1,2,0,1,1,1,1,7,16,3,3,1,7,2,1,1,2,2,1,6,0,1,55,0,0,3,4,1,3,1,0,2,1,0,0,3,3,0,0,0,3,0,2,2,6,0,1,4,3,0,4,1,3,51,4,1,2,4,5,1,1,2,0,48,1,0,0,0,411,0,9,3,2,11,1,2,0,3,9,3,0,2,1,2,2,3,2,24
ref_0058,3,0,1,5,0,2,7,4,1,1,3,0,2,1,1,0,2,0,3,6,14,3,3,2,7,1,0,5,5,1,0,6,0,2,54,1,1,1,3,0,3,2,2,0,3,0,1,2,1,1,0,2,1,1,1,0,6,0,1,6,3,1,1,0,0,50,2,2,5,4,2,1,0,5,0,47,2,1,0,0,398,0,9,1,3,6,2,3,0,4,8,1,0,0,0,1,1,0,1,21
ref_0059,6,2,2,6,2,2,6,3,2,2,1,0,3,1,2,1,1,3,1,1,15,1,0,1,8,2,2,2,5,3,1,6,0,2,67,0,1,3,0,1,1,0,2,3,2,0,2,3,1,0,0,0,0,5,6,0,4,0,0,6,6,0,2,1,2,45,2,2,6,3,5,1,1,1,0,47,1,2,2,3,406,0,7,1,4,7,0,2,0,5,5,2,1,2,1,0,0,6,0,13
ref_0060,6,3,1,1,2,4,11,2,1,3,0,0,2,0,0,0,1,2,0,3,14,5,3,0,5,2,0,2,3,2,2,4,0,0,48,0,2,0,5,0,1,4,0,1,0,0,1,7,5,0,0,0,1,2,2,0,4,0,2,5,6,2,2,3,1,50,4,3,8,3,0,1,0,1,0,55,1,2,1,1,365,1,6,1,0,9,2,1,0,5,8,2,0,0,0,0,1,5,1,16
ref_0061,5,0,4,3,1,4,2,0,1,1,1,0,4,2,1,0,1,1,0,7,12,3,3,2,4,1,1,3,4,4,1,4,0,0,58,1,0,3,1,0,1,5,1,2,3,1,1,5,2,0,0,5,1,2,2,1,5,2,0,1,7,1,2,2,1,36,2,2,3,3,2,2,0,2,0,60,2,0,2,3,382,0,7,1,1,10,2,1,2,3,6,2,0,2,0,5,1,2,0,20
ref_0062,5,2,5,3,3,5,13,2,0,1,2,1,6,2,0,0,0,0,3,4,10,5,4,0,3,0,1,1,6,2,0,7,0,1,62,1,0,1,1,2,2,5,2,1,1,0,1,3,5,0,2,1,1,3,4,1,6,1,2,3,9,2,3,0,0,38,5,2,5,4,5,1,1,1,0,46,0,2,2,5,419,0,9,4,1,7,2,1,1,2,9,0,0,3,0,1,1,5,2,14
ref_0063,4,3,3,3,2,5,7,2,1,2,4,1,3,0,4,1,1,1,0,4,17,4,1,2,9,4,1,0,1,3,1,2,2,0,64,0,3,2,2,0,0,0,0,0,2,0,2,4,3,0,0,4,1,1,3,1,5,0,3,4,3,0,3,0,2,33,3,2,3,6,2,0,1,5,0,53,1,0,0,1,406,0,9,0,1,10,2,2,2,2,12,0,0,2,3,0,0,2,1,22
ref_0064,8,0,1,4,3,6,10,2,4,2,4,1,3,1,2,1,0,0,0,4,10,4,1,2,7,0,3,2,2,1,0,4,0,0,69,2,0,2,3,0,1,3,1,4,0,1,0,5,4,0,1,0,1,1,2,3,7,0,3,2,6,1,4,1,1,45,4,0,2,4,2,1,0,3,0,63,2,2,1,1,381,0,4,0,1,8,1,1,2,3,10,2,0,3,0,2,0,5,1,19
ref_0065,6,1,2,3,2,4,7,1,4,0,6,0,2,0,3,0,1,0,0,2,4,4,4,0,4,1,2,0,2,3,1,7,0,0,63,0,3,1,2,1,0,3,0,1,2,1,1,3,7,0,0,2,1,3,3,1,4,0,1,3,4,0,2,0,1,39,1,2,6,6,2,6,1,1,1,46,0,2,2,1,394,0,7,0,1,7,2,3,1,8,5,0,0,2,0,0,0,0,2,18
ref_0066,5,2,2,2,0,4,11,2,2,0,6,0,2,4,2,1,1,0,4,2,12,5,0,1,8,1,1,2,3,4,1,7,0,0,64,0,2,1,2,1,0,0,1,2,1,0,0,11,3,0,0,0,3,7,2,0,6,2,0,2,7,1,1,0,2,36,5,5,6,8,0,3,0,1,0,69,1,1,0,1,398,1,5,0,4,5,0,0,0,2,2,3,0,2,0,1,1,8,1,16
ref_0067,6,1,1,4,0,8,11,1,1,2,2,0,0,0,4,0,1,1,1,3,8,3,1,0,8,0,0,1,3,3,0,6,1,0,67,1,0,1,1,0,2,3,1,1,1,1,2,7,3,0,0,1,2,1,5,1,5,0,0,5,5,1,1,0,3,33,4,2,6,1,3,2,0,1,1,40,0,1,2,0,408,0,7,2,3,6,2,3,3,5,5,0,0,1,0,0,0,5,2,20
ref_0068,6,3,0,3,1,3,7,2,1,0,0,0,2,3,3,2,1,1,0,4,11,11,1,0,8,0,0,3,3,3,0,7,0,1,64,0,1,5,2,0,1,4,0,2,4,0,0,5,1,0,0,0,1,4,4,0,5,0,0,2,3,0,3,0,1,46,5,0,7,5,4,1,2,2,1,55,1,2,1,2,394,0,8,3,2,8,3,0,2,3,6,2,1,4,1,2,1,3,3,11
ref_0069,6,2,3,1,0,1,7,2,1,0,3,0,0,2,2,0,0,0,0,5,12,4,2,0,4,1,0,4,4,2,1,7,1,2,49,1,1,2,2,3,0,4,1,0,2,0,0,6,0,2,0,0,1,0,5,0,7,0,2,3,3,0,2,0,0,46,3,0,2,2,5,1,1,2,0,57,0,1,3,2,378,0,4,2,3,11,1,1,1,5,5,2,0,0,0,1,0,3,1,15
ref_0070,4,1,4,4,0,3,7,1,2,1,2,0,2,1,1,1,2,1,0,1,12,4,0,2,5,1,0,0,0,3,1,5,1,1,69,0,2,3,2,2,1,3,1,2,1,0,1,6,2,0,1,2,2,1,1,2,3,0,2,1,1,0,2,0,2,37,1,0,3,2,1,1,0,1,0,59,0,1,1,0,415,1,9,3,1,5,1,1,1,5,8,0,0,0,0,2,1,3,1,16
ref_0071,3,1,2,2,3,6,9,0,0,1,2,0,1,3,1,1,2,1,0,2,16,5,2,0,6,4,1,3,2,1,2,8,0,0,44,0,2,0,4,3,2,4,0,0,0,1,2,10,3,2,0,3,2,2,2,0,3,0,1,1,6,1,3,1,0,39,5,1,7,4,3,0,1,1,2,45,0,0,1,1,387,0,4,2,4,9,0,1,0,2,8,2,0,2,0,1,1,1,0,15
ref_0072,5,2,7,2,1,8,7,1,2,1,1,1,3,0,3,0,0,0,0,2,9,4,1,2,10,1,0,2,1,1,0,10,0,0,59,1,1,2,1,0,0,4,1,0,5,0,0,7,2,0,0,0,0,3,3,1,3,2,1,2,4,1,2,0,1,49,4,0,7,4,1,3,0,3,0,52,1,1,1,3,416,2,8,0,2,8,0,1,3,4,6,1,0,1,1,2,0,4,0,17
ref_0073,2,1,0,5,0,4,7,3,3,0,6,0,3,2,2,1,2,0,0,1,11,5,1,0,10,3,2,2,2,3,1,6,2,1,49,0,1,2,1,2,0,0,2,0,1,0,2,6,2,1,0,0,0,4,0,0,6,0,1,2,6,2,3,1,0,52,2,1,2,7,2,1,0,3,1,45,1,1,1,2,427,1,5,1,3,8,3,2,1,4,8,2,0,1,1,1,1,3,2,16
ref_0074,4,1,0,4,0,2,10,0,1,1,2,0,5,1,7,1,2,1,0,0,8,3,4,1,4,1,0,3,2,2,0,4,1,0,65,0,1,4,2,0,2,0,1,3,1,1,0,2,2,0,1,1,2,1,0,0,2,1,1,3,6,1,2,0,0,44,6,1,3,1,1,2,1,2,2,53,1,2,1,2,380,0,11,0,1,5,2,0,1,8,6,1,0,1,0,1,1,2,0,19
ref_0075,4,0,2,5,2,6,10,1,3,0,1,1,3,1,4,1,1,0,0,4,13,5,3,0,10,3,1,4,2,1,2,6,0,0,63,0,0,2,4,0,2,0,1,1,2,0,0,5,3,0,0,1,1,2,2,1,2,0,3,3,6,2,3,1,0,49,1,2,3,5,6,0,0,2,1,61,0,0,2,2,422,0,4,1,0,10,2,2,0,5,6,3,1,0,0,3,3,3,1,21
ref_0076,4,1,1,6,1,8,8,2,2,2,2,0,2,2,4,0,0,2,1,5,11,5,4,0,5,0,1,6,3,4,0,7,0,0,54,0,1,1,1,2,1,2,2,1,2,0,0,2,1,0,1,1,1,7,4,1,5,1,3,4,6,0,5,1,1,38,5,1,1,1,3,2,4,3,1,53,0,1,0,1,390,1,7,2,1,9,2,1,1,5,2,2,0,1,0,2,1,2,2,17
ref_0077,5,2,3,3,2,2,10,5,1,2,5,1,1,1,6,0,1,0,0,4,15,8,3,0,3,2,0,2,0,2,0,9,1,1,64,1,0,4,2,0,1,0,0,2,1,1,1,5,3,0,0,0,1,2,1,0,3,0,1,2,5,1,2,0,0,49,2,4,4,5,1,2,2,1,0,70,2,1,3,3,429,0,5,3,1,12,0,2,0,1,4,3,0,2,2,1,1,0,1,18
ref_0078,6,0,0,1,2,7,7,1,2,1,1,0,2,4,2,2,1,0,1,3,11,8,1,1,6,4,1,1,2,4,0,8,1,0,53,1,1,3,2,0,3,6,2,0,1,1,0,5,2,0,0,2,4,4,0,2,6,0,0,2,5,1,1,1,2,52,3,2,5,4,0,1,0,2,0,51,1,2,4,4,396,1,9,0,5,5,2,2,1,5,6,0,0,1,0,3,7,5,0,15
ref_0079,2,0,3,4,1,6,8,0,2,1,3,0,1,2,2,1,0,0,0,4,13,8,0,1,5,0,0,2,2,3,2,10,1,0,55,0,1,2,3,1,2,2,0,2,4,1,0,6,4,2,0,2,1,4,3,1,6,0,1,4,3,0,1,1,1,36,0,0,6,5,2,1,0,3,1,60,1,1,3,1,417,1,8,0,4,9,3,1,2,2,6,1,0,1,1,2,2,5,2,17
ref_0080,5,0,1,2,1,4,7,0,1,1,2,0,4,0,1,2,1,1,1,4,17,4,1,0,7,0,0,0,3,6,1,7,1,2,66,1,0,1,3,1,2,5,1,1,1,0,1,2,4,0,0,1,2,4,3,1,2,0,1,4,7,0,6,0,1,43,4,2,3,4,1,1,0,3,0,51,3,1,2,2,443,2,7,4,0,12,0,2,0,3,6,2,1,1,0,2,1,2,6,15
ref_0081,10,3,4,261,2,10,22,4,6,1,12,0,4,6,2,1,2,39,3,10,28,13,4,1,12,4,1,6,8,7,2,13,1,3,2,1,2,9,173,4,7,155,5,0,6,5,1,10,4,0,0,4,1,2,9,0,17,2,1,5,17,2,9,1,4,2,9,1,10,13,4,3,1,8,1,1,0,2,3,4,31,2,23,2,4,15,0,5,0,15,13,3,0,4,0,2,4,263,4,0
ref_0082,9,3,9,262,3,12,19,9,4,1,8,1,4,4,5,2,3,40,5,7,30,11,3,2,14,1,5,6,10,8,2,18,4,3,7,1,3,5,174,3,5,183,2,5,0,0,1,11,5,1,0,3,3,5,8,2,17,2,2,7,12,0,3,0,3,1,5,2,9,14,7,3,4,4,1,1,2,0,3,1,33,0,13,3,7,13,3,2,1,7,15,4,0,3,1,3,3,287,11,2
ref_0083,12,2,9,252,4,16,27,2,3,5,7,0,7,3,5,0,1,50,2,11,16,11,6,1,14,6,3,5,7,5,4,25,1,3,5,3,4,6,164,0,3,153,0,3,5,1,1,10,6,1,1,2,8,8,12,2,8,2,2,7,15,1,4,1,1,0,8,1,13,12,1,2,1,2,0,7,1,2,1,3,33,0,14,4,5,15,4,2,2,5,15,3,0,2,0,4,6,286,4,1
ref_0084,14,5,9,228,2,10,18,4,4,2,9,2,3,3,4,3,1,25,0,6,23,10,3,1,16,4,3,3,9,6,1,16,2,0,5,2,1,4,216,1,4,192,5,3,7,1,0,8,7,0,0,3,1,6,11,0,13,3,3,8,15,5,4,0,0,8,7,4,12,7,4,3,0,6,3,3,0,2,2,6,39,1,27,3,8,23,5,3,4,10,16,5,0,5,0,3,3,277,1,1
ref_0085,8,3,3,256,3,10,18,8,7,3,3,2,7,2,3,1,2,33,1,7,17,21,5,2,11,3,2,6,8,7,1,15,1,1,4,3,4,6,182,2,4,186,2,4,2,1,2,16,6,2,0,3,4,2,9,3,11,1,1,11,11,0,6,3,2,5,8,6,3,10,5,2,3,5,1,5,3,1,5,6,33,0,17,2,6,14,2,4,3,10,15,3,1,1,0,4,0,289,6,1
ref_0086,12,4,8,243,3,11,27,4,5,4,7,1,3,4,9,0,1,34,2,7,21,11,1,2,17,2,4,4,7,4,4,12,0,0,5,1,4,3,190,2,3,171,5,1,4,3,1,13,12,0,0,3,6,2,10,3,8,1,3,4,13,0,8,2,2,5,7,3,10,15,9,1,1,2,2,2,1,1,2,3,36,1,15,6,2,25,6,7,2,5,14,5,1,3,1,0,1,241,4,0
ref_0087,8,3,4,252,7,14,22,3,4,1,8,1,6,1,8,1,2,31,0,11,13,20,2,0,11,3,2,5,8,3,4,12,6,0,8,2,4,1,171,2,2,183,2,0,0,2,0,12,6,2,1,3,4,7,6,2,16,1,3,10,9,4,8,0,3,4,8,5,12,13,6,1,1,4,2,1,2,0,1,1,35,2,24,2,3,14,3,3,2,10,8,6,0,3,0,2,1,263,5,1
ref_0088,14,6,4,247,3,11,18,2,8,5,11,0,6,8,6,2,3,35,0,6,30,17,6,3,17,4,1,4,3,7,1,11,4,1,6,1,3,1,179,1,5,165,2,2,1,0,1,13,3,2,1,2,6,6,5,6,8,1,3,10,15,6,10,3,2,1,8,2,9,9,2,2,2,6,2,3,6,0,3,3,34,1,21,2,6,21,2,5,2,3,16,4,1,2,0,2,1,273,6,0
ref_0089,11,4,2,270,4,13,16,4,8,8,8,1,6,1,7,4,1,36,4,6,41,8,1,1,11,6,6,5,10,8,2,17,1,1,4,2,2,5,180,0,7,157,2,3,2,0,2,13,5,0,0,2,2,7,6,6,9,2,3,4,19,2,0,1,0,5,2,5,12,9,7,5,1,6,0,2,2,0,3,5,39,1,21,2,9,19,5,4,1,11,15,2,1,8,1,5,2,296,1,2
ref_0090,14,5,4,253,4,15,14,2,2,4,8,1,8,4,9,1,1,39,3,9,26,7,6,0,11,3,4,3,6,5,0,17,0,2,3,0,4,3,178,2,3,165,3,3,4,2,1,10,5,2,0,0,5,5,9,0,15,1,2,9,13,3,8,2,2,5,11,3,11,11,4,4,1,3,4,5,5,1,3,4,31,0,17,7,3,15,3,4,3,15,14,2,0,2,0,4,1,237,7,0
ref_0091,7,2,7,246,2,18,24,3,2,4,7,0,6,5,2,4,1,38,6,8,25,11,2,2,12,3,1,9,3,5,1,14,3,2,4,0,2,7,200,3,2,164,2,2,0,0,0,13,6,0,2,0,1,5,3,2,9,1,2,4,13,1,5,4,1,7,6,3,13,16,4,2,1,7,1,4,1,2,3,6,35,2,18,1,5,15,5,0,0,8,9,8,1,5,2,3,2,253,5,2
ref_0092,9,5,6,251,2,14,15,4,8,0,6,2,6,0,8,0,2,26,3,10,24,12,4,2,11,1,2,3,10,3,4,17,2,3,4,2,1,3,161,0,4,137,2,2,1,3,1,18,3,1,0,2,6,6,6,2,11,1,6,8,5,8,3,0,3,3,7,3,16,11,4,4,2,2,3,6,5,4,6,6,38,0,25,2,7,18,2,0,0,12,14,3,0,5,1,2,5,233,3,0
ref_0093,7,2,7,216,3,16,29,5,5,4,11,2,6,1,9,2,1,29,1,6,25,15,3,0,16,3,3,6,5,9,0,14,1,2,9,2,3,7,183,2,3,150,5,1,1,3,2,10,4,0,1,4,9,9,5,1,10,0,1,7,17,3,7,1,1,3,5,2,6,15,12,3,3,6,0,4,0,4,6,3,35,1,17,4,9,11,3,2,2,13,17,2,0,2,1,7,2,266,3,0
ref_0094,8,5,4,230,5,10,13,3,7,4,6,1,6,2,4,3,4,34,3,8,23,8,8,1,10,4,2,13,8,6,1,13,2,2,4,1,1,1,176,1,2,157,3,1,3,0,0,8,7,0,1,4,6,5,4,2,13,1,5,8,9,2,3,3,1,3,8,5,10,14,3,5,3,4,0,2,2,1,6,3,26,0,19,7,5,14,7,3,4,7,15,4,0,6,1,5,3,264,1,2
ref_0095,7,5,5,278,3,7,22,4,3,1,4,0,6,2,2,2,2,38,3,6,22,11,3,1,10,4,2,8,5,5,2,12,2,2,6,1,3,6,170,0,3,157,4,3,1,2,1,17,6,0,2,5,5,6,7,2,14,2,2,5,14,1,4,3,2,3,7,3,12,9,3,5,3,6,1,6,1,1,4,8,37,0,24,2,7,17,4,5,5,10,19,0,0,4,1,6,3,259,4,3
ref_0096,13,2,5,278,7,12,17,4,5,2,7,2,4,3,8,2,2,30,3,7,26,12,4,1,11,6,0,8,8,7,2,10,5,4,8,2,1,2,173,2,3,199,2,3,0,0,3,11,9,2,0,3,2,6,6,3,8,1,1,6,11,3,7,1,2,5,8,7,16,14,6,5,1,8,0,4,3,1,4,3,31,0,13,2,7,13,6,4,2,14,15,2,0,2,1,4,5,236,6,0
ref_0097,11,2,3,227,1,14,21,8,10,0,7,0,1,3,6,3,0,28,1,5,26,7,7,3,9,2,2,6,5,6,0,8,0,0,4,4,4,8,174,0,3,171,3,4,2,2,0,9,5,1,4,4,2,6,10,2,8,0,5,10,8,0,4,1,3,4,6,5,14,6,4,4,2,3,1,4,4,3,1,3,33,0,25,6,6,14,1,2,2,9,17,7,1,5,0,7,5,283,3,0
ref_0098,9,4,8,226,5,12,23,4,5,5,12,1,3,1,6,2,3,32,4,10,17,14,3,0,5,6,2,4,10,10,2,10,2,0,5,0,3,9,177,2,7,161,4,5,4,2,2,6,10,0,0,2,3,4,9,4,17,2,4,6,9,0,4,3,6,2,4,1,6,13,5,1,0,6,1,7,1,3,4,5,28,0,19,4,6,22,1,4,1,17,10,3,1,7,0,6,2,274,3,1
ref_0099,19,2,9,226,1,16,25,7,4,3,7,0,8,2,6,1,2,34,3,2,28,12,3,1,12,3,0,3,6,3,1,15,0,3,7,1,5,4,158,0,2,168,3,5,2,1,2,13,6,2,2,2,2,9,12,0,11,1,2,8,12,1,2,0,3,2,8,0,9,8,4,1,3,8,2,6,0,2,3,3,36,1,26,2,4,23,4,1,1,16,17,3,1,6,0,6,1,255,0,0
ref_0100,5,5,4,237,3,6,8,3,4,1,14,1,8,2,5,1,1,30,1,7,21,18,4,2,14,4,3,7,4,4,2,11,1,0,8,1,1,4,155,4,3,171,2,3,0,0,1,17,4,0,1,2,5,6,5,4,14,1,3,7,9,4,11,1,5,5,8,1,10,9,9,0,0,4,1,8,4,2,2,2,25,1,20,3,3,22,2,2,1,9,19,6,0,1,0,3,6,255,10,0
ref_0101,11,3,4,246,5,10,27,1,7,1,7,3,3,5,5,3,1,32,2,8,20,11,3,2,18,2,2,7,10,7,3,7,1,1,6,1,4,5,187,1,6,172,2,1,0,2,3,16,4,1,1,2,5,2,8,1,8,1,1,5,5,3,6,0,3,2,8,3,10,11,10,4,3,7,1,3,3,3,1,5,32,1,16,1,13,11,1,8,2,11,20,4,0,3,0,1,2,254,2,1
ref_0102,9,2,7,262,3,12,20,9,7,2,6,2,6,2,9,4,1,25,3,7,30,10,1,0,26,6,3,6,8,4,2,8,1,2,4,2,3,5,161,3,4,164,3,3,4,1,2,13,7,1,1,6,5,6,5,1,7,0,1,5,11,3,4,2,1,2,7,1,10,4,4,3,1,5,1,3,1,5,1,3,33,2,17,3,3,19,3,3,2,9,16,7,0,2,2,3,5,255,3,3
ref_0103,7,2,5,219,7,12,23,2,3,2,5,1,7,5,4,0,3,36,0,10,27,4,4,5,10,5,2,3,7,6,3,16,0,0,5,1,3,6,176,2,3,166,4,0,3,1,1,17,9,0,0,4,6,8,6,2,13,1,0,6,13,5,8,1,2,1,6,2,12,6,10,3,4,3,0,3,2,1,2,4,28,0,20,2,7,19,1,4,4,8,17,5,0,3,1,3,1,272,4,1
ref_0104,8,4,10,264,3,15,14,6,6,3,6,0,3,3,11,2,2,28,0,10,18,14,4,0,12,3,1,6,7,7,5,9,0,1,6,0,5,4,154,3,5,131,2,7,3,1,0,8,7,0,0,2,3,6,11,2,7,1,3,8,15,3,3,2,1,3,5,2,15,14,7,5,0,2,1,6,3,3,6,5,28,1,15,3,13,17,3,5,2,6,13,4,1,8,1,4,4,243,6,1
ref_0105,7,2,6,250,3,10,25,4,3,3,4,0,7,4,4,0,4,40,4,15,30,16,3,0,14,2,5,5,6,5,2,8,1,5,4,1,6,5,181,2,6,152,0,0,1,2,0,10,3,4,1,4,6,5,9,0,9,1,5,14,15,0,2,3,2,7,9,1,10,7,5,4,3,2,1,6,2,2,2,4,30,0,14,5,4,12,4,4,4,17,21,2,0,3,2,6,2,263,4,1
ref_0106,6,0,2,236,4,8,13,2,3,2,2,1,6,1,4,4,3,37,2,8,25,11,6,3,20,1,0,4,14,11,3,16,2,1,3,3,5,5,179,2,4,175,3,3,3,1,1,17,6,2,1,3,2,4,3,2,8,2,1,9,11,4,2,2,2,5,8,6,10,11,4,6,2,3,0,5,3,1,3,7,35,1,15,3,8,10,2,2,0,11,18,4,2,3,0,1,1,275,3,1
ref_0107,12,5,8,250,3,8,26,3,2,1,5,1,3,6,5,4,4,46,3,10,22,12,6,0,11,0,1,5,7,6,2,16,1,1,5,2,2,5,174,3,2,151,5,3,1,0,1,9,6,0,0,1,9,5,8,1,17,1,0,3,13,6,9,1,0,6,8,1,10,10,5,5,1,6,2,3,5,3,3,4,27,0,14,2,7,20,5,0,2,6,20,7,2,4,1,3,2,257,4,3
ref_0108,8,4,7,236,1,10,20,7,5,4,2,1,4,3,5,2,4,32,1,4,24,14,4,1,7,1,2,3,6,4,2,14,1,2,3,1,4,10,191,1,5,205,2,0,2,1,1,11,5,2,0,4,6,8,4,2,13,2,0,9,15,2,3,2,2,2,5,1,11,6,6,6,2,6,1,3,3,2,2,2,25,2,14,3,4,16,5,4,2,8,13,4,0,3,2,2,1,246,1,0
ref_0109,8,5,3,228,3,17,14,6,1,3,11,0,5,3,8,6,1,33,1,9,16,12,2,2,13,2,2,7,10,4,2,14,1,1,4,0,3,2,185,2,7,164,3,3,3,0,1,11,6,2,2,4,5,4,7,1,9,2,7,4,14,2,2,2,6,3,8,1,5,12,5,2,0,4,1,1,4,2,6,7,41,6,25,2,4,20,6,2,3,13,10,2,0,2,0,4,1,258,1,1
ref_0110,8,3,6,256,1,13,26,4,5,4,7,0,4,9,5,4,2,35,3,10,26,16,4,1,16,2,3,5,9,1,2,14,0,4,4,2,4,4,198,1,4,154,3,4,3,1,0,14,7,0,1,4,5,6,3,4,10,2,3,7,15,3,5,0,0,7,2,1,5,6,4,6,2,13,2,5,2,0,4,5,32,1,17,4,9,21,0,3,0,10,8,2,0,4,0,3,4,298,3,4
ref_0111,14,5,4,262,3,12,18,4,3,1,9,0,5,6,4,2,1,54,0,11,22,14,4,1,8,7,3,6,9,12,2,16,0,3,7,4,2,7,182,0,3,164,1,2,4,0,1,11,8,0,0,4,4,8,11,1,5,1,2,4,9,0,7,1,1,3,8,2,15,10,4,2,3,4,1,4,2,1,1,5,37,2,24,1,6,12,2,5,1,12,13,3,0,3,0,5,2,254,2,0
ref_0112,5,3,2,266,2,19,21,1,2,3,9,0,6,3,6,2,3,29,2,15,16,7,2,1,8,2,1,7,9,5,0,11,1,1,9,2,3,4,163,3,3,154,7,2,4,0,2,16,5,1,5,6,4,7,7,4,14,0,1,8,14,4,3,2,2,1,5,2,11,8,7,1,2,6,2,10,2,2,2,3,39,0,22,1,8,20,1,4,1,11,14,5,1,2,0,1,1,270,4,0
ref_0113,6,2,4,239,2,11,34,5,3,4,3,0,5,3,7,1,2,35,2,10,21,10,5,4,10,2,2,4,9,8,2,17,1,0,6,2,2,4,155,0,6,158,3,1,3,0,2,11,9,1,1,2,7,11,4,1,13,0,10,10,9,1,6,3,2,0,8,1,12,11,3,3,3,7,3,5,2,1,5,5,29,2,20,0,4,20,6,1,2,7,12,2,1,4,0,3,2,271,2,1
ref_0114,9,2,5,224,3,5,30,5,2,3,6,2,6,2,5,2,1,40,2,7,17,9,0,1,11,2,0,3,5,11,4,21,2,1,2,3,3,6,163,1,4,153,5,0,3,0,2,25,4,0,1,1,1,10,3,2,11,1,3,7,13,2,6,0,2,5,7,2,11,5,6,3,2,3,2,3,1,3,1,2,31,0,16,3,6,31,3,7,2,13,11,3,0,4,0,3,4,282,4,1
ref_0115,15,2,6,220,2,16,18,3,4,8,6,1,5,7,6,3,4,38,4,11,16,13,2,4,8,3,2,2,6,8,2,7,0,1,6,0,3,4,164,1,3,167,2,5,3,0,1,5,5,0,0,3,5,5,12,1,12,1,4,11,6,0,5,2,2,2,6,3,8,13,2,5,5,7,0,10,2,4,3,4,31,1,11,2,5,20,3,6,2,10,11,3,0,2,0,4,5,282,4,1
ref_0116,11,3,5,228,3,10,20,7,6,0,10,1,8,2,7,2,3,35,2,5,27,12,10,2,15,0,2,3,8,5,3,21,1,2,5,0,5,6,195,2,6,158,1,1,3,0,0,17,6,2,0,7,3,12,4,2,9,0,2,9,13,1,3,0,2,2,4,5,12,10,7,2,0,6,2,7,2,0,5,3,30,2,22,3,6,16,1,1,4,14,16,2,0,3,0,2,5,291,3,1
ref_0117,8,4,6,260,5,11,25,4,5,2,6,0,7,3,10,0,1,33,3,6,25,16,4,1,11,3,0,3,8,7,2,13,3,0,5,1,2,1,175,1,3,143,4,2,3,1,2,10,7,1,1,2,4,12,9,2,11,1,2,10,8,4,7,1,5,3,9,1,10,6,3,2,2,3,1,6,1,3,5,8,21,1,17,2,8,14,5,7,1,9,12,6,0,4,0,9,3,254,4,0
ref_0118,5,3,6,245,3,14,15,5,0,1,10,4,3,1,4,4,1,39,2,7,23,6,4,2,8,4,2,3,6,6,2,13,1,5,9,0,5,5,165,2,6,167,4,7,4,2,2,7,6,0,0,1,2,5,7,0,9,2,4,11,16,4,11,2,0,4,5,3,12,16,5,7,0,1,2,4,5,0,3,5,29,0,17,4,6,19,0,7,3,10,11,7,1,3,1,5,2,251,5,0
ref_0119,9,5,8,268,3,9,21,4,6,6,5,1,3,2,6,2,1,49,0,4,23,19,2,0,12,3,1,3,7,4,1,14,1,1,7,1,1,7,173,0,3,141,4,1,4,1,0,19,3,2,3,2,5,5,9,4,8,0,0,10,11,3,2,1,3,2,4,2,10,9,5,4,2,5,1,6,2,3,3,6,37,1,14,5,8,24,4,6,4,12,21,2,1,3,1,3,5,264,2,1
ref_0120,11,2,4,227,2,8,23,5,4,4,3,0,2,2,9,3,3,41,2,8,23,13,4,2,15,2,4,8,6,1,6,12,1,0,5,0,2,3,153,3,6,154,5,0,8,0,2,16,4,1,1,2,6,3,2,1,12,1,3,5,13,3,10,1,5,7,9,2,7,9,3,5,3,10,0,2,1,0,2,4,25,1,18,2,6,18,2,3,3,9,10,4,1,2,0,5,5,257,0,1
ref_0121,16,3,6,249,0,15,19,4,7,1,9,0,5,1,8,2,1,32,2,6,24,11,1,1,13,1,0,5,13,3,1,16,2,2,1,0,1,3,176,0,0,172,2,4,1,1,1,22,4,1,1,4,6,2,5,6,11,1,1,2,16,2,1,2,3,3,10,0,8,6,5,8,1,7,1,5,1,3,2,3,38,0,14,3,1,18,4,7,2,9,15,3,1,5,0,1,8,255,2,1
ref_0122,11,2,3,246,2,10,20,1,5,1,10,1,6,2,6,2,2,31,2,6,25,12,3,2,15,2,1,5,10,3,0,12,3,0,3,2,3,8,198,0,6,168,0,0,2,0,1,17,11,2,3,2,7,6,2,1,8,2,3,12,9,3,11,0,1,4,7,3,10,13,4,3,1,5,0,5,0,2,1,3,29,1,14,2,1,14,3,4,2,10,15,2,0,7,0,8,10,236,3,1
ref_0123,15,3,5,273,3,14,18,5,12,4,2,0,4,3,6,3,1,29,3,8,21,14,3,2,16,2,2,5,0,4,3,15,2,4,1,4,4,7,176,0,2,161,0,2,7,0,2,12,5,0,1,3,2,3,4,2,15,1,2,10,10,2,3,0,2,5,9,4,7,9,5,1,0,8,0,4,1,4,2,1,41,2,15,2,4,16,0,3,2,11,19,3,0,1,2,4,3,251,2,1
ref_0124,12,2,5,222,2,8,31,8,11,1,6,0,6,2,6,3,2,41,2,8,26,10,4,2,10,3,1,7,7,6,2,19,0,1,6,2,3,3,187,3,3,186,1,4,1,1,1,18,8,0,2,1,4,5,5,1,12,0,2,11,9,1,3,2,4,4,11,8,12,10,6,4,1,8,0,5,2,1,2,4,29,3,24,1,9,18,3,3,3,10,19,5,0,3,1,2,2,252,8,3
ref_0125,11,6,3,246,9,17,19,7,4,6,3,0,2,6,9,6,0,25,3,10,17,14,1,1,14,5,0,5,6,4,0,18,3,2,2,2,4,5,161,4,5,161,3,2,0,0,1,9,6,3,0,3,4,5,3,2,9,0,1,6,17,4,6,1,1,3,5,3,15,9,6,3,6,2,3,6,1,3,6,4,28,1,25,1,5,19,4,4,2,11,5,4,0,3,1,3,4,256,8,1
ref_0126,18,3,3,242,3,12,24,5,4,4,6,1,3,6,6,3,0,39,1,10,19,15,1,4,16,2,4,6,7,9,1,16,0,3,4,1,3,3,185,1,6,158,2,0,2,3,0,13,7,0,1,3,8,4,10,1,14,1,3,5,13,2,6,1,1,3,7,3,11,7,5,2,1,2,0,5,2,1,1,7,35,0,17,3,13,22,3,3,1,12,21,3,0,5,0,3,2,274,8,1
ref_0127,6,4,3,241,2,10,12,6,2,7,7,0,6,5,2,3,3,35,1,7,23,11,3,1,16,4,2,6,10,8,2,5,1,2,3,2,3,11,159,4,1,162,2,2,2,0,2,18,4,1,2,5,3,8,5,2,18,1,0,4,12,3,9,0,4,4,5,0,9,12,6,4,3,7,0,2,3,2,6,6,29,3,21,2,4,16,4,2,3,9,20,8,1,4,0,3,3,277,4,2
ref_0128,9,4,6,240,1,8,21,4,7,3,5,0,4,5,7,3,2,30,3,10,32,18,3,3,10,3,4,4,8,4,2,8,2,3,8,0,2,2,168,0,1,170,4,4,4,2,1,16,7,1,3,4,3,3,8,1,10,2,5,8,15,3,1,0,4,6,7,2,13,11,3,4,2,4,0,5,2,1,4,4,23,3,26,7,5,26,7,6,2,11,18,5,1,1,0,8,3,269,3,1
ref_0129,15,3,7,241,2,12,22,4,2,1,7,0,8,2,10,0,3,38,2,9,25,12,3,4,16,2,2,4,3,6,2,15,3,2,2,1,1,1,176,1,2,178,5,2,2,1,4,10,2,1,2,5,3,3,11,0,10,2,2,2,4,4,5,1,4,7,6,1,17,11,7,4,2,4,4,4,1,1,5,9,32,0,20,2,6,13,5,6,1,14,16,3,0,3,1,0,4,269,3,3
ref_0130,12,2,5,255,3,14,22,6,2,8,5,0,4,2,8,2,2,31,0,11,18,13,3,1,15,2,4,3,5,9,1,10,0,3,3,1,1,5,177,4,3,170,2,1,1,1,3,11,8,0,3,5,4,7,10,2,7,0,5,5,11,1,5,2,1,4,8,2,11,8,3,3,3,3,1,5,0,2,1,5,36,1,15,0,5,17,6,2,2,13,18,8,2,5,0,3,2,264,5,0
ref_0131,7,1,7,262,1,16,16,1,4,0,6,2,2,3,5,3,0,34,4,8,24,12,0,1,8,2,3,3,10,6,1,11,3,1,6,0,8,4,151,2,4,173,4,1,4,0,1,11,4,0,1,4,8,14,3,0,19,1,4,5,12,1,9,1,5,4,8,5,10,12,6,2,5,8,1,2,4,1,2,5,36,2,13,1,3,15,2,4,1,11,12,4,2,4,1,4,5,288,3,1
ref_0132,17,3,2,231,2,11,19,5,4,5,8,0,4,3,6,1,1,29,2,7,24,15,5,0,19,2,2,4,10,6,0,19,0,0,6,1,4,6,191,3,2,163,4,3,4,1,0,19,10,2,1,4,4,5,11,1,6,1,3,5,5,3,6,1,3,5,10,0,9,6,2,3,1,8,1,4,3,3,3,3,35,1,17,4,9,16,1,5,3,10,21,1,0,1,0,5,2,256,5,2
ref_0133,6,3,4,253,4,11,25,5,7,3,9,1,3,4,4,2,2,28,0,14,23,12,5,0,14,1,4,1,8,9,0,18,1,3,3,3,0,6,169,1,3,158,4,2,3,1,0,16,8,0,1,5,3,7,3,2,13,0,6,5,8,1,6,1,6,2,7,5,7,5,7,3,0,9,0,4,4,3,3,3,42,0,18,6,9,17,1,6,2,7,17,5,0,1,0,2,4,279,2,1
ref_0134,10,4,3,270,1,18,27,4,6,4,4,1,7,6,11,2,0,36,1,6,27,12,7,2,12,4,4,7,5,9,3,11,2,4,2,1,4,6,187,1,4,150,1,2,2,1,1,12,6,1,0,0,8,3,8,4,11,1,2,7,16,1,8,3,4,4,6,6,11,6,3,3,1,10,1,4,1,2,2,5,27,0,18,4,8,18,6,3,2,11,18,6,1,4,0,2,4,273,3,2
ref_0135,13,0,6,249,3,13,24,1,3,1,8,0,6,2,7,1,3,50,3,8,24,13,8,1,15,4,2,3,12,2,4,11,2,2,1,2,2,7,175,2,2,185,1,5,4,0,1,6,7,0,0,7,6,6,3,1,5,2,3,11,14,4,5,2,1,5,9,2,12,13,7,2,2,4,1,6,3,0,3,6,30,0,17,3,5,22,2,5,2,9,14,3,0,4,1,6,0,257,0,2
ref_0136,7,1,10,251,2,10,32,4,5,4,6,0,5,4,5,2,2,42,1,9,16,12,4,0,14,4,3,7,8,6,1,14,2,0,4,0,2,5,167,3,1,152,1,1,4,3,1,17,3,1,2,2,6,4,3,2,11,3,2,9,15,1,4,1,6,6,3,3,15,14,4,6,1,1,0,4,5,4,3,7,30,0,15,4,7,24,2,3,1,14,20,3,2,1,1,3,3,286,1,0
ref_0137,11,1,3,242,2,11,24,2,2,4,3,1,8,4,8,3,0,49,0,6,23,19,0,1,19,3,5,7,6,5,1,8,2,1,3,3,2,3,171,1,5,177,4,0,3,0,1,10,9,2,1,3,11,6,6,5,13,1,3,8,7,3,9,1,1,1,8,3,12,13,4,2,2,9,1,7,3,3,6,5,31,2,13,0,2,20,3,3,0,8,17,3,1,5,1,5,1,274,1,2
ref_0138,8,2,6,268,3,15,17,2,3,5,10,1,12,6,5,3,3,40,1,6,27,14,1,2,11,1,3,4,5,6,1,17,2,0,1,1,1,6,195,1,2,175,2,2,2,2,1,11,7,1,1,2,3,4,6,2,8,4,3,12,10,3,9,3,3,1,10,4,6,5,10,3,3,0,1,4,2,0,3,5,28,0,16,1,3,14,0,1,2,11,18,2,1,5,1,2,3,287,0,2
ref_0139,9,4,9,247,5,17,19,2,5,2,9,2,2,3,5,1,2,29,4,5,24,14,3,1,11,4,1,3,8,3,2,22,0,2,5,2,3,3,171,0,7,157,1,4,3,3,1,9,6,0,0,2,3,3,5,3,16,0,5,6,11,2,5,3,2,5,6,5,11,10,6,2,1,7,1,4,4,6,4,4,47,1,19,8,9,16,4,2,1,15,17,6,0,3,1,7,2,259,1,1
ref_0140,8,1,5,260,5,11,24,2,6,1,7,0,4,4,5,2,2,35,1,4,19,18,4,1,14,1,0,6,9,7,2,15,1,1,4,2,4,3,153,1,5,153,2,3,2,3,1,17,2,2,1,3,3,8,7,2,6,1,4,13,9,5,5,0,2,1,7,2,15,12,4,10,1,11,2,2,3,1,3,3,30,1,19,3,5,19,2,4,2,4,22,6,0,1,1,5,4,258,4,2
ref_0141,10,4,3,255,4,8,17,3,10,2,10,2,8,3,4,1,1,37,4,4,21,14,4,0,17,5,1,4,7,10,2,15,1,0,2,0,3,4,172,2,2,162,1,2,3,1,0,7,1,1,2,2,8,7,2,2,6,0,5,4,15,6,7,2,3,3,4,2,7,9,8,4,0,12,0,2,5,5,2,5,35,6,23,3,5,17,5,3,1,10,15,2,0,1,1,4,2,274,4,0
ref_0142,8,2,5,231,5,16,21,3,4,3,9,0,7,2,9,2,1,28,3,3,15,14,5,2,14,2,3,5,9,2,2,17,3,2,2,1,2,3,189,1,1,146,2,0,2,1,3,13,5,0,0,5,3,9,8,1,8,1,1,3,19,1,9,2,3,8,5,5,11,5,5,0,2,8,1,5,5,3,7,7,28,1,16,3,7,11,4,1,4,12,20,6,1,1,0,3,2,255,1,2
ref_0143,6,2,6,259,3,17,21,3,7,2,7,0,4,0,5,2,0,36,2,4,22,9,5,1,16,2,2,4,8,5,2,12,1,2,4,2,2,3,168,0,5,186,4,2,5,0,0,8,8,0,2,4,3,2,4,3,8,3,3,6,15,1,5,2,1,3,5,4,6,9,3,4,1,7,2,5,2,2,4,2,21,2,15,4,4,21,5,2,3,6,17,2,0,4,0,3,6,283,4,0
ref_0144,9,1,7,245,5,16,12,2,4,1,10,4,7,5,5,3,0,35,1,11,19,16,3,0,11,2,1,7,8,4,1,8,1,2,4,3,7,6,176,2,3,162,3,2,2,3,3,13,10,2,1,0,3,2,9,3,10,0,5,4,15,2,5,1,4,3,7,2,13,8,5,4,1,5,1,3,1,2,0,7,33,0,20,2,5,19,2,2,1,6,17,3,1,4,0,1,1,249,4,0
ref_0145,11,4,3,243,2,6,24,5,5,3,10,1,9,0,5,2,1,30,2,3,30,14,4,1,16,5,2,9,9,7,3,11,2,1,10,1,3,3,200,1,6,157,1,4,2,1,0,13,7,1,2,3,8,2,9,3,14,1,2,9,14,4,9,2,3,4,6,1,13,11,2,3,1,8,1,2,6,2,4,2,38,1,15,4,8,17,3,3,4,12,24,6,0,7,0,3,1,260,4,1
ref_0146,10,5,2,247,4,13,18,2,5,1,5,0,4,2,7,5,2,35,2,11,28,9,2,2,15,1,2,5,7,7,1,17,3,1,4,1,2,2,198,0,3,165,0,1,4,1,1,16,8,1,2,5,4,7,11,2,8,2,5,8,12,5,9,1,1,5,4,2,11,11,3,3,2,10,0,5,3,1,6,6,26,2,17,1,6,27,0,3,2,11,14,4,0,5,1,2,1,265,5,0
ref_0147,12,4,4,238,1,13,20,4,2,2,8,3,6,5,8,6,0,28,0,7,34,20,2,2,9,3,3,5,8,6,5,11,3,0,3,0,0,8,162,1,2,161,5,3,4,0,1,9,7,2,2,6,8,3,5,1,5,2,1,10,12,1,6,0,4,3,9,2,10,16,2,2,0,7,2,1,2,1,1,6,36,0,11,5,4,25,4,3,2,11,16,3,0,5,1,1,6,259,6,1
ref_0148,9,2,3,251,3,17,15,5,5,3,7,1,8,6,5,1,2,37,2,11,24,9,1,0,15,4,4,2,10,6,1,16,3,1,5,0,4,3,178,4,4,166,2,4,3,0,0,9,5,1,1,1,4,6,9,4,8,0,3,7,6,4,8,1,1,5,9,2,11,9,6,5,1,1,1,5,5,4,3,6,25,5,16,0,5,15,6,4,3,13,18,4,1,5,2,5,4,234,2,1
ref_0149,9,1,5,274,3,9,16,5,5,3,3,0,5,0,6,1,4,28,1,9,16,12,3,1,15,2,1,5,8,8,0,16,0,3,6,2,7,8,143,2,4,174,1,3,4,0,1,16,2,2,1,5,6,3,6,1,22,1,4,7,5,1,3,1,1,2,7,1,12,9,5,2,1,4,1,4,3,4,0,1,37,2,15,1,7,11,3,5,0,6,11,5,0,4,4,2,4,296,5,3
ref_0150,9,3,2,253,3,17,20,7,7,5,6,1,3,5,4,2,1,32,1,8,19,11,4,1,12,3,1,5,4,4,2,17,2,3,6,1,2,4,160,3,5,151,1,4,3,2,0,11,5,1,2,4,8,11,4,2,6,3,3,8,14,1,5,1,1,4,10,3,16,13,5,3,2,4,2,4,4,3,1,2,21,3,12,4,9,10,3,4,2,14,19,7,0,7,0,6,4,262,4,0
ref_0151,10,3,4,259,4,14,22,2,6,3,7,1,3,3,7,1,2,36,0,12,22,13,8,3,21,1,3,12,8,6,0,16,3,1,6,0,5,7,199,1,5,155,2,4,4,0,0,11,6,2,2,5,4,0,3,1,12,2,2,10,9,3,7,0,0,3,6,5,9,9,3,7,5,9,0,8,3,2,6,4,35,0,16,4,8,14,4,3,4,9,17,7,1,4,2,1,5,271,2,2
ref_0152,11,1,6,244,6,15,20,5,8,1,5,1,4,1,4,1,2,45,2,10,27,14,5,1,14,6,3,5,5,6,7,14,2,5,5,0,1,6,189,0,5,172,4,2,4,2,0,6,2,0,1,6,6,4,4,0,10,3,2,8,7,4,3,2,2,7,6,2,12,10,4,4,2,5,1,3,1,0,7,2,33,0,12,1,1,14,2,5,1,13,9,4,1,4,2,4,6,228,1,0
ref_0153,16,4,5,235,5,9,15,2,2,1,12,2,3,3,7,2,3,40,3,10,21,16,3,1,15,4,2,4,8,8,3,14,2,0,4,1,2,4,165,1,5,156,2,5,6,0,1,17,11,0,1,4,9,9,12,3,8,0,4,5,14,1,5,0,4,2,10,3,7,15,3,4,3,9,1,4,2,1,1,3,34,0,12,4,6,15,1,3,2,6,21,4,0,4,1,2,4,269,3,1
ref_0154,17,1,4,232,3,13,19,3,5,3,8,0,4,5,3,4,1,37,4,8,20,12,8,0,15,6,2,5,7,10,2,10,1,2,5,0,10,5,182,2,5,166,7,0,3,1,1,13,9,3,0,2,5,4,8,3,9,0,10,11,12,1,4,1,0,6,7,1,11,8,10,3,3,4,1,1,2,2,7,7,25,1,16,3,3,18,3,5,4,11,19,4,0,2,2,5,5,245,3,2
ref_0155,16,2,4,266,3,13,18,2,2,1,5,0,6,2,4,3,0,34,0,10,29,7,2,3,17,3,1,4,8,2,0,14,0,2,5,2,3,10,164,2,4,159,3,4,3,0,1,17,3,1,0,5,4,8,6,1,14,0,2,10,10,1,6,1,1,6,3,4,17,9,1,2,1,3,2,8,1,1,5,7,27,2,16,4,7,21,1,2,2,12,18,4,0,2,4,7,1,276,2,1
ref_0156,11,2,5,250,4,12,15,3,7,4,9,2,4,2,11,2,4,40,3,10,17,16,5,1,11,3,3,4,8,5,3,14,0,2,10,2,1,5,213,1,5,148,3,5,2,0,1,9,6,0,2,2,8,4,11,2,7,0,3,10,10,1,3,1,1,4,4,1,14,17,4,4,1,6,0,4,5,2,3,4,42,0,16,5,12,9,3,1,4,11,24,8,1,2,1,1,1,268,2,1
ref_0157,13,5,7,250,3,9,15,3,3,2,3,0,6,3,6,3,4,34,2,10,25,12,2,2,13,3,3,9,4,10,3,16,1,0,9,2,3,6,166,0,3,161,3,0,0,1,3,9,9,2,1,2,6,7,6,1,7,1,2,5,14,3,1,4,6,7,7,2,9,9,9,1,1,2,0,6,0,0,6,3,26,2,16,6,4,21,3,0,1,10,8,3,0,1,1,1,2,241,1,0
ref_0158,11,2,9,240,3,11,23,3,0,2,6,1,4,5,3,1,2,45,2,9,24,9,5,0,10,5,1,7,8,8,1,9,2,2,3,4,2,6,144,0,0,162,3,3,2,2,1,17,5,4,1,6,4,7,5,3,6,0,4,11,16,3,6,2,2,4,6,4,9,5,4,1,2,4,2,3,3,1,3,5,41,1,13,4,5,19,3,4,4,5,17,3,0,4,0,5,1,264,2,2
ref_0159,11,4,3,256,1,9,24,7,4,1,10,0,1,4,6,2,1,29,5,3,25,6,4,1,18,4,1,8,8,10,1,14,0,1,8,1,5,7,176,1,0,150,4,0,1,1,1,13,3,1,2,2,4,8,4,1,6,1,3,10,17,7,8,1,1,2,4,4,9,11,4,1,1,6,0,7,1,4,4,6,31,0,10,1,8,16,4,3,2,8,13,2,3,1,1,4,2,298,1,1
ref_0160,9,4,3,263,5,10,27,5,5,5,5,2,5,4,5,2,2,37,2,5,25,17,4,2,15,4,5,2,8,5,1,13,1,2,3,0,2,1,162,0,3,133,3,2,1,1,1,10,5,2,0,2,6,8,10,1,17,4,3,12,17,3,3,1,7,4,7,2,10,11,3,3,4,3,0,3,5,1,3,9,41,0,13,2,7,22,1,6,1,6,25,1,0,2,0,2,4,266,3,2
ref_0161,4,4,4,7,2,10,12,1,2,3,7,2,2,2,179,1,1,0,0,10,18,12,6,3,8,2,2,9,5,4,45,15,1,1,5,3,2,135,5,1,1,6,2,2,1,2,0,14,6,1,2,2,8,172,7,1,9,0,2,3,8,5,2,4,1,3,4,76,5,10,5,3,1,2,0,6,2,2,3,2,31,2,15,0,6,16,2,1,1,9,14,7,0,4,2,4,3,7,1,2
ref_0162,9,0,0,11,3,16,16,8,6,3,5,0,5,0,144,4,1,0,2,4,23,11,1,1,17,2,0,3,7,9,54,6,3,1,6,3,2,122,3,4,3,7,3,1,5,3,1,10,4,0,0,3,2,171,8,2,11,1,4,6,13,2,7,0,4,3,5,67,11,6,6,2,1,2,1,6,3,1,2,4,24,1,22,3,6,18,0,1,2,5,15,3,1,2,4,3,7,2,0,1
ref_0163,7,1,3,8,3,14,14,4,9,2,9,0,4,4,153,2,2,1,0,3,18,11,6,3,15,0,0,6,2,5,52,9,1,1,3,1,1,130,5,3,3,7,1,0,3,1,2,12,7,0,1,5,2,134,6,1,4,0,3,11,7,0,4,1,1,7,2,72,16,6,6,3,4,5,2,1,3,2,5,3,26,2,16,1,2,12,1,1,5,7,16,4,1,2,0,2,4,5,5,1
ref_0164,20,3,4,10,0,6,16,4,0,1,10,2,1,0,152,4,0,1,0,6,13,11,2,4,10,0,1,9,2,2,55,12,1,2,8,2,5,112,6,0,3,4,3,3,1,1,1,13,9,1,0,1,0,140,8,3,11,1,0,8,15,4,6,1,0,2,3,68,10,10,3,3,2,5,0,8,1,2,4,4,30,0,16,0,5,14,0,6,2,12,12,5,0,1,1,0,3,5,1,0
ref_0165,7,4,7,14,4,8,24,6,9,2,6,0,5,0,146,4,0,0,3,12,19,9,1,0,9,2,0,5,9,8,42,7,2,2,4,2,3,126,7,3,3,3,3,2,2,0,0,11,9,0,0,5,4,165,4,0,7,0,4,8,5,0,4,1,2,6,4,77,10,13,2,3,0,3,0,3,2,0,1,8,25,2,14,2,6,11,1,4,2,5,13,2,1,6,1,1,2,12,5,3
ref_0166,13,5,5,11,0,10,16,1,0,4,3,0,3,4,152,2,0,1,2,1,16,10,2,0,14,2,4,4,2,8,51,15,2,1,3,1,3,137,5,0,1,7,3,1,0,0,1,11,6,0,0,3,1,154,6,3,12,1,0,8,10,2,3,2,3,2,7,90,12,6,3,1,4,7,0,5,3,1,2,5,25,1,14,1,1,16,2,4,3,7,18,4,0,3,1,4,2,8,0,1
ref_0167,9,1,6,12,0,4,21,2,4,2,4,1,5,4,132,2,3,0,0,8,20,14,2,2,13,0,0,6,5,5,45,13,3,1,3,1,3,121,4,4,3,5,4,3,0,0,0,11,4,0,3,4,2,161,10,2,10,0,6,3,7,4,8,2,2,5,10,92,10,21,5,5,1,6,1,3,0,0,4,4,24,2,19,1,0,12,2,3,1,6,16,3,0,4,0,5,5,8,3,3
ref_0168,5,0,4,7,3,10,19,2,7,3,6,0,3,6,167,1,3,1,2,6,29,8,3,3,10,4,2,4,7,3,56,14,1,1,1,0,5,145,3,0,4,5,3,1,6,2,2,11,5,0,0,4,4,144,6,3,6,1,3,2,15,0,7,0,2,2,5,82,14,9,4,4,0,3,0,4,3,5,4,4,36,0,19,3,2,14,4,2,2,10,14,1,0,5,0,5,5,6,2,3
ref_0169,8,3,5,4,5,10,20,5,1,2,6,3,4,3,153,3,1,2,1,2,16,12,5,1,15,3,2,3,8,6,47,9,2,1,5,0,2,135,7,3,1,5,2,0,2,1,2,11,7,1,2,2,1,139,10,2,9,0,0,5,10,3,8,0,1,1,7,75,10,5,1,6,3,6,0,1,4,1,7,4,25,2,17,4,5,17,4,1,0,10,13,5,1,3,1,5,2,9,2,1
ref_0170,7,4,3,6,2,15,18,2,2,3,5,0,5,0,133,1,2,0,3,3,21,11,6,2,9,4,1,4,9,4,45,15,1,1,1,2,2,114,6,1,4,6,4,2,2,1,0,9,5,1,2,2,2,133,8,2,8,2,2,5,18,1,5,0,0,3,5,74,7,8,7,5,1,6,0,2,1,2,3,8,32,0,6,4,3,12,2,1,3,14,14,5,0,4,1,1,0,3,1,1
ref_0171,1,4,3,4,3,8,12,5,1,1,3,0,3,3,140,4,0,0,3,8,17,8,6,1,11,1,1,6,4,3,34,16,2,1,4,1,1,110,8,2,4,4,0,0,1,0,0,14,5,0,1,3,4,146,5,2,6,1,1,8,10,4,1,0,0,0,7,85,9,12,8,0,0,3,3,8,2,1,2,2,33,0,11,0,2,13,6,4,1,10,11,1,3,4,0,3,4,8,6,2
ref_0172,7,0,2,7,2,7,25,5,4,1,5,0,7,3,144,0,0,0,1,9,18,15,5,2,13,4,2,5,9,1,48,13,0,2,4,1,2,108,3,2,3,4,2,1,4,2,0,10,7,0,1,1,5,159,6,4,9,2,1,9,8,3,3,1,0,5,9,84,11,12,1,5,3,4,0,5,2,1,3,7,21,0,17,2,5,18,1,2,0,9,6,5,0,2,0,1,4,9,3,1
ref_0173,12,3,2,5,1,13,17,3,4,5,9,0,3,4,152,3,3,1,1,4,21,7,3,0,6,3,0,6,2,6,32,12,0,1,6,0,3,108,6,1,2,7,2,3,2,3,1,20,6,2,1,3,2,151,9,3,12,2,2,7,16,1,2,1,2,3,10,84,11,9,6,3,2,4,0,3,4,1,1,5,31,1,22,2,6,20,3,1,3,6,8,2,0,3,3,4,1,5,4,1
ref_0174,10,3,5,7,0,10,16,8,4,4,7,0,6,3,137,3,3,2,2,5,21,15,4,1,15,4,1,6,4,6,56,10,1,1,4,2,4,126,4,1,5,6,1,2,5,1,1,15,5,1,1,2,6,123,2,2,8,0,4,11,8,2,8,0,2,1,6,72,11,13,3,1,5,7,1,4,0,2,3,5,24,1,14,3,1,17,1,6,0,8,17,3,1,2,1,0,2,7,5,1
ref_0175,10,3,5,9,6,12,10,3,1,4,11,1,3,3,159,0,0,1,5,9,21,13,4,1,12,2,1,6,1,1,43,9,1,3,4,1,3,137,4,2,1,4,2,2,0,0,1,12,5,1,1,5,5,156,5,2,13,2,1,3,9,2,6,1,1,4,11,80,12,6,3,0,0,6,3,8,1,1,5,5,26,0,18,1,3,6,5,3,1,8,9,1,1,2,0,6,1,11,2,0
ref_0176,8,1,5,11,8,7,18,3,9,2,6,0,6,4,151,3,3,4,0,6,16,8,2,2,9,4,0,4,7,7,51,18,0,3,3,2,2,124,2,1,1,5,2,3,3,1,0,15,6,2,2,2,2,141,6,1,5,1,4,7,13,0,5,0,1,1,7,79,8,12,2,3,1,5,2,2,2,1,3,5,38,2,18,0,4,11,4,4,5,5,8,1,0,1,1,0,2,10,5,1
ref_0177,13,2,5,8,3,12,17,4,7,1,4,3,4,4,158,3,0,2,2,11,25,8,1,1,12,2,3,4,11,9,47,12,2,2,3,2,1,140,1,1,3,2,0,1,3,1,1,10,6,0,2,2,8,146,10,0,10,1,1,11,7,4,5,0,2,3,7,73,16,10,4,1,1,1,1,2,0,4,3,6,22,0,18,3,11,15,2,0,1,10,14,4,4,4,0,5,2,7,3,1
ref_0178,3,4,5,6,3,8,27,3,10,2,7,1,5,4,155,1,4,2,1,6,26,14,1,2,7,3,2,3,5,13,60,13,1,0,5,2,3,131,8,2,3,3,2,3,0,2,2,5,4,1,1,4,6,145,9,0,8,1,6,7,6,1,6,0,2,5,4,70,12,6,6,1,3,4,1,5,1,0,5,8,25,1,10,6,7,20,5,3,4,8,17,4,0,3,2,4,3,7,2,0
ref_0179,11,2,3,10,3,10,19,2,5,1,5,0,4,4,156,4,4,0,0,7,17,9,4,0,12,5,1,3,7,3,47,9,2,4,2,0,2,113,4,2,3,3,2,0,2,0,0,11,6,2,0,0,6,172,4,1,9,0,3,3,10,0,5,2,1,3,7,75,6,7,2,6,0,2,0,8,0,1,2,2,35,0,22,5,5,9,4,3,0,11,10,1,0,3,1,3,3,8,2,3
ref_0180,3,1,2,5,4,14,14,1,3,1,11,1,4,2,146,0,0,1,1,6,27,7,1,0,10,4,1,6,10,6,55,11,1,3,6,5,3,138,4,1,4,3,3,1,0,0,3,11,4,0,0,0,6,153,5,2,7,1,2,5,12,4,3,0,1,3,2,101,9,11,3,2,0,8,1,4,1,1,1,2,24,2,13,2,4,21,3,6,4,11,11,5,0,4,1,2,4,10,3,2
ref_0181,8,0,4,7,1,9,21,4,3,3,2,1,4,5,117,1,1,1,3,2,15,12,3,1,8,4,0,3,8,6,50,10,1,3,5,1,8,151,5,2,1,3,5,2,4,1,2,10,3,0,1,1,4,157,7,1,7,1,2,11,14,3,2,2,5,4,4,90,7,9,6,2,0,2,1,8,4,2,4,2,23,1,10,0,5,10,1,2,1,10,10,0,0,8,0,4,2,9,3,0
ref_0182,8,4,2,1,3,7,19,2,5,1,6,1,1,4,168,1,2,2,3,5,23,11,4,1,7,5,0,2,6,4,59,11,1,0,5,1,2,123,3,3,1,4,5,1,1,2,0,14,5,0,1,3,2,152,4,0,8,0,1,11,8,2,5,1,1,4,8,70,4,10,3,2,2,2,1,5,2,1,2,7,35,1,17,1,5,17,2,5,2,5,20,3,0,1,0,3,1,9,2,1
ref_0183,5,3,2,6,5,12,22,3,3,2,8,1,5,7,145,4,1,0,1,6,23,18,7,0,13,3,4,4,5,4,50,16,2,2,3,0,4,137,4,5,5,6,2,1,1,0,2,11,6,0,1,2,4,157,8,1,9,1,2,4,14,4,3,1,0,1,7,71,11,6,4,1,2,4,0,2,2,1,4,3,22,0,12,2,8,9,6,0,2,6,9,6,1,3,1,4,2,6,3,3
ref_0184,11,2,6,7,2,12,13,2,2,1,3,1,7,5,151,2,3,0,3,8,18,13,5,3,11,1,1,6,8,6,37,10,4,2,4,1,6,127,6,0,6,11,2,1,2,1,2,14,6,1,0,3,8,152,9,0,12,1,1,7,13,1,3,1,0,7,5,89,7,5,4,4,1,5,0,4,0,0,5,3,23,1,25,3,3,19,1,3,4,19,17,2,2,2,1,2,3,13,2,1
ref_0185,5,7,4,8,2,3,12,2,5,0,5,0,5,5,159,2,1,2,1,7,26,8,7,2,12,0,2,6,7,5,54,10,1,1,6,0,1,129,7,0,2,7,3,1,2,1,1,14,4,0,0,1,3,165,5,0,6,1,4,8,10,1,6,0,4,2,3,72,6,4,7,2,1,5,0,3,1,2,1,5,29,1,6,3,7,15,7,4,3,6,8,1,0,3,0,4,0,6,1,1
ref_0186,10,2,1,9,2,8,20,5,5,4,5,1,5,3,125,1,1,1,3,7,21,6,6,1,12,3,0,8,7,7,57,11,1,0,7,1,3,134,1,2,1,6,4,1,3,3,2,6,5,0,1,3,6,133,3,2,6,1,4,2,6,3,5,0,2,3,9,91,10,8,3,2,1,4,1,4,2,0,6,6,30,0,15,3,3,13,2,3,1,9,13,1,0,0,0,1,4,12,1,1
ref_0187,9,3,4,3,0,7,14,2,3,3,2,0,8,3,117,0,3,0,1,3,18,12,4,2,10,3,1,5,4,2,53,4,0,2,5,3,3,115,6,1,2,11,1,3,1,1,1,10,3,1,0,5,7,145,8,1,3,1,2,5,10,3,4,0,1,5,4,68,6,12,6,4,1,8,0,6,4,5,5,2,22,2,13,2,5,20,3,4,1,9,14,4,0,3,1,6,5,6,3,2
ref_0188,12,0,2,10,5,6,19,4,2,1,8,2,0,3,141,3,4,3,4,3,15,11,6,1,11,2,1,5,2,6,52,9,3,0,2,0,3,105,4,3,2,8,0,2,0,0,0,4,4,0,3,4,3,149,4,3,7,1,3,11,17,3,3,0,2,2,8,70,8,7,2,2,1,2,2,2,2,2,5,8,30,3,16,2,6,17,2,7,6,10,22,6,0,2,0,3,4,7,1,2
ref_0189,9,5,5,11,1,11,20,5,9,0,5,1,2,0,158,3,2,1,0,1,17,4,3,4,11,4,3,8,4,9,57,11,2,2,8,0,1,144,4,3,7,5,1,3,6,0,1,10,6,0,0,3,4,151,3,1,10,1,2,7,8,2,9,1,2,4,3,98,7,9,2,5,0,3,1,2,2,0,1,1,28,1,16,4,2,19,3,2,5,8,11,2,1,3,1,1,4,9,4,1
ref_0190,12,2,3,7,2,19,21,6,2,2,6,0,7,3,139,1,0,1,1,5,19,10,6,1,17,2,5,3,6,4,59,10,3,2,3,1,2,143,4,2,4,5,1,1,2,1,0,10,6,0,0,5,5,136,3,3,1,3,2,4,11,3,3,3,1,4,5,67,11,10,2,1,2,5,1,7,2,2,3,3,27,1,12,3,1,14,6,4,1,10,9,1,0,4,0,3,4,7,3,1
ref_0191,12,1,9,11,6,12,12,4,3,2,6,1,5,8,161,2,2,3,1,7,12,8,2,1,14,5,4,8,5,5,45,19,0,2,7,2,1,125,5,3,2,6,0,4,2,1,2,14,2,0,2,3,4,151,2,2,9,1,6,7,7,2,4,3,1,4,2,64,10,13,1,2,3,4,2,6,0,3,5,4,38,1,14,3,3,22,0,4,2,9,13,7,0,2,0,1,2,9,2,3
ref_0192,7,0,7,4,3,8,15,5,4,3,6,0,2,2,176,4,3,3,3,2,19,13,4,1,14,1,2,4,8,2,54,17,3,0,3,0,3,114,4,2,4,3,0,1,2,1,0,12,9,0,1,4,2,149,8,1,9,1,2,6,12,3,6,1,0,1,3,80,7,8,3,0,2,3,1,2,4,1,2,2,19,1,10,3,5,16,4,2,1,9,18,2,0,2,0,3,4,9,2,1
ref_0193,13,1,4,14,0,7,19,7,3,3,5,0,3,4,168,4,2,0,1,10,26,13,1,2,12,0,4,9,10,8,49,11,2,1,7,3,2,121,6,1,1,6,4,3,1,0,2,8,9,1,1,2,3,148,12,2,14,1,3,2,12,4,6,0,1,1,4,90,11,12,5,2,1,8,2,4,1,2,3,5,23,1,16,1,3,13,3,1,2,5,15,2,1,3,0,4,2,10,3,0
ref_0194,7,1,6,7,1,13,25,2,4,2,5,0,4,1,160,2,0,1,1,12,18,6,4,2,11,1,2,4,8,6,63,16,0,0,3,1,3,129,4,1,2,6,0,0,2,0,0,13,2,0,1,0,2,156,9,2,8,1,4,6,13,2,2,5,2,1,9,84,10,8,2,1,3,6,1,2,2,1,5,3,28,1,16,6,4,23,5,8,1,12,13,6,0,3,0,3,7,8,4,0
ref_0195,7,4,7,8,6,8,16,3,4,2,3,1,2,3,135,2,0,1,3,7,20,10,4,1,13,1,2,4,4,6,63,11,3,3,3,3,2,122,3,2,2,4,4,3,2,1,1,12,6,6,2,5,0,134,5,4,9,2,4,5,13,1,5,2,1,7,5,81,10,4,5,3,1,6,1,0,4,2,8,8,29,1,21,3,4,15,1,3,2,10,14,1,1,3,0,5,5,8,4,3
ref_0196,9,3,2,6,1,11,24,2,2,0,9,0,3,3,147,1,0,1,3,9,21,8,2,4,14,4,1,4,3,6,51,9,0,2,3,1,7,132,4,1,2,8,1,0,2,0,1,13,5,0,2,3,3,153,4,0,7,1,0,7,10,2,2,0,2,3,4,84,11,8,4,1,2,6,2,1,1,2,2,1,27,0,16,1,10,20,2,4,0,5,11,5,0,5,3,1,5,13,2,0
ref_0197,12,2,4,8,6,9,16,5,6,3,7,2,7,6,146,2,2,1,3,4,19,8,4,2,9,1,2,6,7,6,57,7,2,1,4,2,3,126,5,1,1,6,3,1,4,0,1,9,4,0,1,3,5,158,7,5,8,4,1,7,12,2,7,1,1,3,5,72,6,7,6,3,3,7,2,5,4,4,5,5,38,0,14,1,3,17,5,1,2,9,14,1,0,2,1,2,6,4,3,0
ref_0198,11,6,1,4,1,10,12,2,5,1,3,0,4,2,171,2,0,1,4,10,21,8,5,1,6,4,1,5,8,7,56,9,3,1,4,1,5,135,2,0,1,3,2,3,1,1,0,13,5,4,0,2,8,150,2,2,9,0,2,6,11,0,7,1,3,3,11,73,15,4,6,2,5,7,0,7,2,0,2,7,27,0,9,1,5,13,2,1,3,8,8,4,0,3,2,4,1,3,4,0
ref_0199,14,1,5,4,1,16,16,5,1,2,0,0,3,2,143,2,2,3,3,2,15,8,4,1,16,8,0,4,6,3,55,15,0,2,1,2,3,156,9,2,4,6,4,1,3,1,2,14,6,0,3,1,5,144,7,0,14,2,1,6,16,1,4,1,4,1,5,95,11,6,8,2,1,3,0,2,2,2,7,4,27,0,17,3,5,13,1,4,2,5,15,6,0,2,0,5,3,5,1,0
ref_0200,6,1,5,7,2,12,15,0,4,1,7,0,11,5,151,3,0,1,2,4,13,19,1,3,11,1,2,1,2,7,58,11,2,2,4,3,1,118,6,1,5,9,1,6,2,2,0,8,10,1,0,0,4,132,7,0,4,3,2,5,15,0,3,2,1,2,7,80,10,9,5,2,0,7,0,2,1,0,2,3,21,0,14,4,5,11,5,1,3,4,5,2,0,3,0,0,1,8,2,2
ref_0201,10,4,4,7,3,7,29,4,1,1,7,1,7,2,178,2,1,0,0,4,26,12,2,0,13,4,2,7,9,4,46,10,1,0,6,3,6,134,8,1,1,7,4,3,2,2,2,11,3,0,0,2,3,188,6,5,7,0,2,8,10,1,3,1,2,4,12,72,8,9,4,1,2,3,2,2,3,0,4,3,26,3,20,3,6,15,1,3,2,10,15,3,1,1,2,5,3,7,3,1
ref_0202,10,5,4,5,1,9,23,1,4,1,7,0,4,6,148,0,1,1,0,5,24,10,2,2,9,0,0,3,6,5,62,11,1,1,6,0,4,137,6,1,4,5,1,0,0,1,0,7,7,1,2,1,3,135,2,0,3,0,3,6,7,3,7,2,2,0,4,79,7,9,4,2,2,5,0,4,3,1,0,6,32,0,14,3,3,17,2,3,0,10,11,3,1,6,1,6,3,5,2,2
ref_0203,6,1,9,9,3,8,23,2,4,5,9,1,4,2,144,5,0,4,2,6,24,11,3,1,16,1,1,4,5,8,53,10,2,2,5,1,2,144,3,2,2,7,1,1,3,1,1,8,5,0,1,1,7,146,5,1,5,0,1,6,5,0,4,2,4,1,3,69,10,10,5,7,0,4,0,2,0,5,3,7,29,0,7,0,3,4,7,6,0,10,18,2,1,4,1,6,3,3,2,2
ref_0204,13,2,3,7,3,11,15,6,2,3,5,1,3,3,172,5,1,1,5,9,22,10,2,3,14,1,3,4,5,10,40,18,0,1,5,2,2,139,6,1,3,8,2,2,0,2,1,8,6,1,0,1,3,154,6,2,4,2,3,2,6,0,5,2,1,1,8,71,7,10,2,1,3,6,1,6,2,4,1,3,29,1,18,2,3,20,2,4,3,7,21,2,0,5,1,3,1,13,0,1
ref_0205,9,1,4,10,6,7,13,1,4,3,6,1,5,3,181,2,2,2,1,5,19,8,4,3,10,2,2,6,8,5,51,9,3,2,2,2,4,113,5,1,4,6,2,2,2,0,4,14,2,0,0,3,5,160,7,0,15,1,1,6,12,5,7,0,2,2,6,90,11,5,11,3,1,6,0,1,5,0,3,2,39,1,21,3,2,12,6,3,1,3,17,0,1,3,0,0,3,10,5,1
ref_0206,7,2,4,4,6,10,15,1,2,5,7,1,4,3,147,2,2,0,0,10,20,14,1,0,8,1,1,4,6,8,43,16,2,3,2,1,3,139,2,1,5,4,2,3,2,2,0,12,2,0,0,5,6,158,5,0,6,1,2,8,4,1,1,1,1,1,6,75,11,8,5,2,2,8,1,6,2,2,4,3,24,1,9,2,2,16,5,3,1,12,17,7,0,5,0,0,3,6,6,1
ref_0207,10,5,3,11,2,13,22,3,3,2,9,1,5,3,165,4,1,1,3,8,20,9,2,2,17,2,4,4,5,4,56,13,2,1,2,1,3,135,4,1,3,6,2,1,1,3,1,8,2,1,0,3,4,143,3,2,10,0,6,2,7,1,2,2,4,3,11,84,6,13,6,1,4,4,0,4,0,1,3,4,32,0,17,2,6,23,5,5,1,5,12,3,0,3,4,3,3,6,3,0
ref_0208,11,0,2,4,6,7,21,3,4,3,9,0,6,6,147,1,1,1,1,10,16,11,2,0,12,5,0,4,4,6,44,14,0,3,2,1,1,130,5,1,5,6,4,1,4,1,1,10,6,0,0,3,2,163,3,1,7,2,3,4,13,1,3,0,1,5,3,69,10,8,8,2,2,4,2,2,1,0,3,1,25,0,16,3,5,16,0,4,3,9,17,2,1,4,1,2,4,6,1,0
ref_0209,9,2,3,8,5,6,15,5,6,2,8,1,3,3,132,2,0,1,1,5,23,10,2,2,9,3,5,7,4,5,38,12,0,1,3,0,3,122,7,0,3,9,3,1,2,0,2,10,8,0,0,2,8,141,4,4,9,0,4,6,8,2,5,3,1,7,5,80,10,2,4,2,0,2,0,5,1,4,3,2,26,1,11,6,2,15,1,5,1,8,15,4,1,6,1,1,3,11,6,2
ref_0210,4,3,2,4,3,9,16,5,4,0,7,3,5,1,142,3,2,0,1,4,20,11,1,2,13,2,3,6,7,5,54,14,3,0,4,1,2,155,6,0,4,7,3,1,4,1,1,10,5,0,1,3,3,164,7,0,5,1,3,7,11,2,4,2,2,3,11,94,8,10,1,2,2,3,1,2,3,2,6,7,34,0,21,3,4,11,3,2,2,7,15,3,0,4,1,1,4,1,0,2
ref_0211,9,3,5,4,5,8,22,6,3,5,2,0,7,2,132,0,4,0,2,6,18,7,3,1,14,4,1,5,7,5,48,11,1,0,3,0,3,123,10,2,2,3,1,1,3,0,2,9,6,0,1,2,4,168,5,0,16,0,2,12,6,2,4,0,2,4,6,72,8,10,3,1,3,7,0,3,0,1,2,2,31,2,12,1,4,12,6,3,3,12,11,5,0,2,0,0,2,8,3,1
ref_0212,10,2,4,6,8,13,18,2,1,1,7,0,5,0,149,2,1,0,3,6,22,13,1,1,17,3,0,1,5,5,42,12,1,0,2,1,4,132,5,1,1,4,1,5,2,0,1,10,4,2,2,4,4,172,4,0,13,1,2,6,5,4,6,1,3,1,4,74,10,8,5,0,1,5,1,2,4,0,2,6,30,0,21,5,6,12,0,4,3,10,16,2,0,4,1,2,2,9,5,2
ref_0213,8,0,2,10,2,9,12,2,3,4,2,0,4,5,140,4,1,0,1,9,19,15,5,0,8,0,3,6,3,2,41,11,3,1,3,4,3,131,5,2,1,2,4,0,1,1,1,10,7,0,0,4,5,152,7,2,10,2,3,9,9,0,5,2,4,5,4,76,11,13,1,4,2,6,2,7,3,3,3,0,25,1,20,2,4,16,4,2,4,11,13,1,2,5,1,4,3,14,1,1
ref_0214,5,6,5,7,2,14,21,0,3,3,2,0,9,1,148,4,1,1,2,12,23,13,2,0,7,2,2,6,4,6,41,13,2,0,3,0,2,138,6,1,5,4,1,3,2,0,2,11,5,1,3,3,6,148,4,1,13,1,3,4,13,3,3,0,4,3,6,91,16,12,6,1,0,4,0,1,3,0,4,7,28,1,18,2,3,16,0,1,3,12,11,7,1,5,0,3,3,11,1,4
ref_0215,11,3,4,1,3,9,20,4,6,3,8,0,7,2,142,1,1,1,0,7,12,12,3,2,16,2,2,3,9,8,59,18,2,2,5,2,2,106,5,0,1,6,1,1,2,0,1,8,5,0,2,2,4,131,8,3,9,2,1,10,10,1,5,1,1,5,12,73,12,9,2,4,0,5,1,8,3,0,2,3,29,2,12,2,2,14,1,1,1,13,11,4,2,3,1,2,2,5,5,1
ref_0216,6,0,5,3,1,10,12,0,10,3,2,0,2,0,167,1,0,1,3,5,26,9,3,0,14,5,1,2,2,6,44,15,2,0,2,2,4,134,7,1,7,7,3,1,1,1,1,10,5,1,1,2,3,140,6,3,8,1,2,3,4,3,5,1,4,7,8,103,12,9,4,1,1,2,1,6,1,0,1,8,18,3,21,1,7,15,1,3,3,8,13,1,2,2,0,2,0,14,1,4
ref_0217,11,4,3,10,1,6,18,3,1,1,13,0,5,2,160,2,0,3,2,3,21,5,3,0,11,2,2,5,6,6,50,15,2,1,4,1,3,155,4,1,3,2,3,3,2,0,2,13,4,1,0,3,5,144,4,1,15,1,2,3,12,3,5,0,4,3,5,81,2,12,3,4,1,7,1,4,3,3,5,4,37,0,20,2,9,21,2,2,0,8,15,1,0,1,0,4,0,11,2,0
ref_0218,5,2,3,12,4,13,19,4,1,0,5,1,5,4,164,2,1,0,1,11,17,5,1,0,7,3,1,3,6,3,65,9,0,1,3,1,2,148,7,4,0,3,1,3,1,0,0,13,3,1,0,2,4,138,5,4,10,0,3,10,11,3,2,1,0,3,11,87,10,8,2,4,1,6,1,2,2,3,3,8,27,0,12,0,5,18,2,5,2,6,14,5,0,3,1,2,2,8,5,1
ref_0219,9,4,4,7,5,11,28,1,4,2,4,0,4,4,151,1,1,0,0,5,22,12,5,0,7,2,4,3,5,8,53,8,3,2,4,0,1,136,2,0,3,0,4,1,2,1,1,6,5,1,0,3,2,142,3,0,7,0,3,4,15,0,4,0,5,4,5,87,9,8,4,2,1,7,1,7,4,1,4,3,36,0,21,4,6,12,4,6,2,10,12,3,1,5,2,0,1,6,6,1
ref_0220,13,5,9,5,1,6,14,2,5,1,7,1,6,5,171,4,2,0,0,10,15,7,4,2,12,2,4,3,2,5,49,13,3,3,7,1,3,112,6,1,5,10,1,1,4,1,0,7,7,0,1,2,2,150,5,3,7,0,4,5,14,0,7,0,5,1,4,100,6,8,6,4,1,2,0,4,1,2,2,1,38,1,20,4,5,6,4,4,1,8,17,1,0,1,0,5,1,7,3,2
ref_0221,6,1,8,4,2,9,19,3,2,0,3,0,5,6,135,5,3,1,1,6,27,12,4,2,15,2,4,5,5,7,39,8,0,1,4,1,2,142,4,3,1,6,1,2,0,0,3,11,8,0,0,3,3,125,8,2,14,0,2,6,14,2,2,0,1,0,13,66,7,6,3,2,3,1,3,3,2,2,4,2,29,1,9,2,6,13,2,2,0,10,13,4,0,1,0,4,3,8,1,0
ref_0222,12,3,0,9,3,17,23,4,12,0,5,0,8,2,139,0,3,1,2,7,25,8,2,0,7,2,3,6,5,2,49,13,3,1,8,4,4,131,1,0,1,2,4,1,1,0,0,10,5,2,0,1,8,151,12,1,10,3,1,7,15,3,3,2,0,5,4,82,11,8,8,2,1,2,0,4,1,4,2,6,22,0,14,5,8,13,5,1,1,4,22,3,0,4,1,1,4,5,3,2
ref_0223,2,2,0,8,5,8,21,2,7,2,7,0,6,2,120,2,3,0,1,6,33,10,1,4,14,1,0,4,8,9,39,9,5,1,3,0,3,119,2,0,4,5,4,1,3,0,3,8,4,0,0,0,3,156,1,3,10,1,4,9,8,0,4,2,3,4,8,64,11,11,4,4,2,3,1,1,5,1,4,5,25,1,16,3,6,17,1,4,3,4,19,3,0,5,1,1,1,9,4,3
ref_0224,8,3,5,6,2,12,21,4,7,2,8,1,4,3,144,5,2,0,3,7,23,12,3,2,12,4,4,4,7,4,50,9,1,0,4,3,3,111,6,1,7,5,5,2,3,1,0,17,5,1,0,0,4,153,3,4,4,0,1,8,10,3,3,1,0,10,6,79,7,5,6,2,1,2,2,3,0,3,2,7,27,1,16,5,2,19,2,1,3,6,11,7,0,4,1,5,7,5,2,2
ref_0225,12,4,2,6,0,13,24,4,3,2,8,0,3,2,175,1,1,0,1,6,21,14,2,4,15,0,1,2,5,5,51,7,0,3,5,3,3,135,9,3,0,6,3,4,2,1,1,8,5,0,1,4,3,121,6,0,4,1,4,7,5,4,4,0,3,2,5,72,8,6,4,1,3,3,1,9,1,2,2,2,31,1,14,2,7,12,4,4,1,9,13,1,2,4,0,3,2,7,2,1
ref_0226,11,3,6,10,7,14,13,4,7,4,8,1,5,2,170,2,2,0,0,7,18,13,5,1,9,1,4,7,6,10,56,13,0,2,2,0,4,108,6,1,1,4,2,3,3,3,0,10,3,1,0,5,1,146,11,1,11,0,5,4,11,0,10,0,2,2,5,63,8,15,3,0,2,5,0,3,2,0,3,2,25,0,13,3,5,20,2,0,2,5,17,0,0,3,0,2,4,13,0,0
ref_0227,10,5,3,9,2,14,16,2,4,3,11,0,1,4,172,2,1,1,3,4,17,11,5,1,8,5,0,6,6,8,58,15,3,0,6,4,4,132,8,0,0,2,2,1,2,1,3,8,2,0,3,3,5,160,4,3,12,1,6,7,9,1,6,0,0,3,6,89,9,10,3,4,1,9,2,5,3,3,2,5,20,2,13,3,8,10,2,3,1,11,22,6,0,3,0,1,3,6,4,4
ref_0228,5,3,5,5,3,5,17,5,6,1,3,0,3,4,133,2,0,1,2,4,22,13,6,0,13,5,2,6,5,9,51,15,2,3,3,4,1,120,7,1,3,7,2,1,1,2,0,9,7,1,0,1,5,157,4,1,10,1,2,4,6,2,8,0,4,2,6,75,6,4,2,5,2,2,1,3,1,1,5,2,33,0,12,2,6,12,1,4,2,9,17,3,0,4,0,2,3,6,0,0
ref_0229,13,2,3,12,1,9,14,2,5,1,5,1,2,5,113,1,1,0,1,5,22,5,2,1,15,2,2,5,12,5,46,12,4,3,3,1,2,134,5,2,5,4,3,3,5,2,0,5,3,2,1,2,0,150,5,0,11,2,5,4,14,2,6,2,4,4,3,73,10,7,4,4,2,3,0,1,0,1,5,4,38,2,16,3,2,16,5,4,2,7,15,0,1,1,0,3,1,10,5,0
ref_0230,9,3,4,10,5,19,20,5,3,1,6,0,1,0,148,4,0,1,1,5,21,13,3,0,9,2,0,3,9,3,53,12,0,1,3,0,3,159,4,2,6,3,1,1,2,2,1,9,5,2,1,4,1,149,3,0,9,2,4,2,13,5,6,0,1,2,6,83,3,6,6,1,2,2,0,3,1,1,3,4,28,0,12,4,6,15,2,4,2,10,12,2,1,3,1,1,3,5,1,0
ref_0231,5,4,9,6,1,8,12,5,4,2,6,0,4,3,165,4,2,0,1,14,21,17,1,1,7,3,0,6,6,5,39,13,1,1,5,2,7,130,6,2,5,4,5,0,2,0,1,10,4,0,1,6,3,171,5,1,9,0,1,5,8,0,2,0,3,2,7,91,10,11,5,1,3,6,0,6,2,1,1,1,23,0,18,4,7,13,2,1,2,7,19,4,1,5,1,8,3,5,2,2
ref_0232,11,1,4,4,6,8,17,3,0,2,5,0,2,1,154,3,0,1,1,5,24,12,4,4,9,3,3,4,7,3,48,12,2,2,3,1,4,102,5,3,6,2,1,1,0,0,0,10,3,1,0,3,4,158,4,1,5,1,3,6,13,2,5,1,4,0,7,83,8,14,2,2,1,5,1,2,1,2,1,3,35,0,13,3,5,11,5,4,1,11,19,7,0,7,0,7,2,10,4,0
ref_0233,5,4,3,4,7,7,13,2,6,1,5,1,2,2,153,1,2,3,1,6,17,12,3,0,12,0,2,1,3,4,44,8,4,0,3,3,1,132,5,0,5,3,2,2,3,1,0,8,3,1,1,3,2,127,1,2,9,0,2,9,11,1,14,0,3,0,5,69,7,7,2,2,0,2,2,9,6,1,3,6,33,1,17,4,6,17,3,1,2,10,16,8,1,2,0,1,3,9,6,2
ref_0234,9,2,6,7,2,13,13,3,2,6,2,0,9,0,142,3,1,0,2,11,25,11,6,4,15,2,0,0,3,5,65,8,2,1,8,4,4,129,3,2,1,3,1,6,3,0,3,17,7,1,0,2,2,160,5,1,8,1,6,5,7,2,6,0,2,7,4,89,10,10,4,3,0,5,0,3,2,5,3,2,27,2,13,3,2,22,1,7,1,5,14,2,0,3,0,4,4,10,2,2
ref_0235,4,2,7,7,5,15,19,2,4,2,5,0,4,2,152,4,0,3,2,4,19,8,2,1,9,1,5,2,6,3,55,8,0,1,2,0,2,125,6,2,3,4,2,2,0,0,1,6,2,3,1,7,6,165,6,2,5,0,0,4,13,2,5,1,4,2,5,87,8,7,1,1,3,2,1,1,0,1,6,6,34,2,17,1,1,17,2,3,2,8,17,4,0,5,0,1,1,8,6,1
ref_0236,6,2,6,6,5,18,18,5,1,1,5,0,4,1,151,3,2,3,3,6,22,12,6,1,12,1,3,4,2,2,52,12,1,0,4,0,1,132,4,1,3,7,0,1,2,0,2,12,4,1,0,3,1,160,5,3,8,0,1,14,7,3,4,3,1,2,6,84,12,7,2,3,3,3,1,3,3,2,3,4,27,0,19,2,5,13,2,4,3,7,11,4,0,3,0,1,1,5,2,1
ref_0237,13,1,2,5,3,18,21,2,2,3,9,3,3,7,168,3,4,1,3,4,18,10,1,1,10,6,4,5,5,3,50,10,2,1,3,1,4,125,7,0,5,4,1,0,4,1,2,12,10,0,2,4,1,155,3,1,14,0,2,7,6,4,3,2,4,4,7,66,12,4,3,0,3,5,1,7,1,0,2,7,34,1,7,4,4,15,2,3,2,9,15,4,1,5,0,4,7,8,5,1
ref_0238,7,2,8,6,3,14,12,4,4,1,8,1,3,1,148,5,3,2,2,4,27,14,4,3,13,2,3,3,4,6,46,13,1,3,8,0,4,126,2,1,6,4,4,0,5,3,0,13,4,2,0,3,4,161,5,2,14,2,0,8,11,0,7,3,0,3,7,76,11,6,6,7,1,8,0,1,1,6,3,1,20,0,10,1,2,19,3,3,3,8,12,2,1,3,0,2,2,9,4,0
ref_0239,13,5,7,12,1,9,20,4,4,4,6,2,4,2,167,1,5,2,2,5,20,11,5,1,13,3,1,6,7,5,52,8,2,2,8,1,1,110,6,1,1,5,2,1,1,0,0,13,7,2,2,2,5,139,10,2,7,1,4,7,11,1,7,0,2,1,2,67,10,6,6,3,1,8,2,6,0,2,4,2,29,1,22,3,5,18,4,4,1,16,15,3,0,3,0,3,4,3,2,0
ref_0240,6,4,4,7,1,8,18,0,2,1,9,1,4,3,156,1,2,2,1,4,21,21,2,1,11,3,2,3,7,5,53,16,3,3,2,0,2,129,8,2,5,6,0,4,3,0,2,11,6,0,0,4,1,149,9,1,12,0,1,4,9,1,5,2,4,3,7,95,10,6,3,4,4,6,0,4,0,2,4,2,23,2,19,2,9,18,3,1,2,7,19,5,2,4,1,3,4,5,3,2
